cargo_weight,mail_weight,timestamp,combined
100.0,118.0,2024-05-07 09:04:48,2024-05_AB_2143.0_7.0
200.0,224.0,2024-05-07 09:02:37,2024-05_AB_2324.0_7.0
1500.0,151.0,2024-05-07 08:59:58,2024-05_AB_2564.0_7.0
500.0,56.0,2024-05-07 07:57:32,2024-05_AB_2562.0_7.0
2500.0,269.0,2024-05-07 07:49:35,2024-05_AB_2628.0_7.0
1000.0,91.0,2024-05-07 07:27:43,2024-05_AB_2563.0_7.0
300.0,22.0,2024-05-07 06:41:20,2024-05_AB_2431.0_7.0
2000.0,28.0,2024-05-07 06:39:42,2024-05_AB_2451.0_7.0
300.0,101.0,2024-05-07 05:49:36,2024-05_AB_8119.0_7.0
1500.0,19.0,2024-05-07 05:41:53,2024-05_AB_2108.0_7.0
500.0,2.0,2024-05-07 05:40:56,2024-05_AB_2497.0_7.0
0.0,53.0,2024-05-07 05:40:04,2024-05_AB_2142.0_7.0
1200.0,75.0,2024-05-07 05:39:29,2024-05_AB_2364.0_7.0
500.0,92.0,2024-05-07 05:38:44,2024-05_AB_2386.0_7.0
2000.0,27.0,2024-05-07 05:22:18,2024-05_AB_2128.0_7.0
300.0,4.0,2024-05-07 05:19:56,2024-05_AB_2384.0_7.0
2000.0,54.0,2024-05-07 05:18:54,2024-05_AB_2608.0_7.0
300.0,95.0,2024-05-07 05:18:05,2024-05_AB_2465.0_7.0
1500.0,45.0,2024-05-07 05:14:51,2024-05_AB_2110.0_7.0
1500.0,76.0,2024-05-07 05:13:31,2024-05_AB_2377.0_7.0
1200.0,53.0,2024-05-07 05:12:35,2024-05_AB_2173.0_7.0
500.0,54.0,2024-05-07 05:10:55,2024-05_AB_2486.0_7.0
1800.0,247.0,2024-05-07 04:51:14,2024-05_AB_2379.0_7.0
1504.0,0.0,2024-05-07 04:39:30,2024-05_AB_2323.0_7.0
984.0,0.0,2024-05-07 04:38:58,2024-05_AB_2613.0_7.0
568.0,0.0,2024-05-07 04:38:34,2024-05_AB_2851.0_7.0
3000.0,94.0,2024-05-07 04:35:29,2024-05_AB_2503.0_7.0
100.0,104.0,2024-05-07 04:33:33,2024-05_AB_2148.0_7.0
304.0,0.0,2024-05-07 04:30:24,2024-05_AB_2147.0_7.0
1500.0,32.0,2024-05-07 04:28:10,2024-05_AB_2498.0_7.0
621.0,69.0,2024-05-07 03:46:41,2024-05_AB_2627.0_7.0
473.0,76.0,2024-05-07 03:33:36,2024-05_AB_2534.0_7.0
200.0,15.0,2024-05-07 03:32:17,2024-05_AB_2394.0_7.0
500.0,38.0,2024-05-07 03:31:36,2024-05_AB_2526.0_7.0
200.0,75.0,2024-05-07 03:30:53,2024-05_AB_2519.0_7.0
800.0,89.0,2024-05-07 03:29:24,2024-05_AB_2572.0_7.0
49.0,0.0,2024-05-07 03:14:52,2024-05_AB_2463.0_7.0
227.0,0.0,2024-05-07 02:58:25,2024-05_AB_2378.0_7.0
500.0,95.0,2024-05-07 02:56:31,2024-05_AB_2625.0_7.0
2000.0,87.0,2024-05-07 02:55:49,2024-05_AB_2406.0_7.0
500.0,53.0,2024-05-07 02:54:39,2024-05_AB_2373.0_7.0
200.0,77.0,2024-05-07 02:37:14,2024-05_AB_2371.0_7.0
4538.0,119.0,2024-05-07 02:35:00,2024-05_AB_2342.0_7.0
100.0,94.0,2024-05-07 02:31:17,2024-05_AB_2607.0_7.0
258.0,0.0,2024-05-07 02:27:56,2024-05_AB_2380.0_7.0
1587.0,0.0,2024-05-07 02:09:55,2024-05_AB_2127.0_7.0
1782.0,6.0,2024-05-07 02:09:24,2024-05_AB_2411.0_7.0
2017.0,0.0,2024-05-07 02:06:03,2024-05_AB_2385.0_7.0
300.0,48.0,2024-05-07 01:33:44,2024-05_AB_2372.0_7.0
2458.0,16.0,2024-05-07 01:13:15,2024-05_AB_2781.0_7.0
1500.0,74.0,2024-05-07 01:11:00,2024-05_AB_2462.0_7.0
2900.0,26.0,2024-05-07 01:07:36,2024-05_AB_2541.0_7.0
1500.0,3.0,2024-05-07 01:04:01,2024-05_AB_2850.0_7.0
2500.0,48.0,2024-05-07 00:57:43,2024-05_AB_2524.0_7.0
2000.0,32.0,2024-05-07 00:53:57,2024-05_AB_2719.0_7.0
574.0,0.0,2024-05-07 00:41:01,2024-05_AB_2533.0_7.0
2504.0,0.0,2024-05-07 00:40:43,2024-05_AB_2102.0_7.0
505.0,0.0,2024-05-06 23:31:41,2024-05_AB_2638.0_7.0
1002.0,0.0,2024-05-06 23:31:15,2024-05_AB_2492.0_7.0
3048.0,0.0,2024-05-06 23:30:58,2024-05_AB_2172.0_7.0
2495.0,0.0,2024-05-06 23:30:41,2024-05_AB_2518.0_7.0
3073.0,0.0,2024-05-06 23:30:22,2024-05_AB_2410.0_7.0
559.0,0.0,2024-05-06 23:29:27,2024-05_AB_2612.0_7.0
1038.0,0.0,2024-05-06 23:29:09,2024-05_AB_2375.0_7.0
552.0,0.0,2024-05-06 23:28:48,2024-05_AB_2421.0_7.0
1014.0,55.0,2024-05-06 22:44:36,2024-05_AB_2485.0_7.0
3000.0,17.0,2024-05-06 20:48:20,2024-05_AB_2405.0_7.0
944.0,33.0,2024-05-06 20:47:15,2024-05_AB_2355.0_7.0
2000.0,44.0,2024-05-06 20:05:44,2024-05_AB_2312.0_7.0
1995.0,0.0,2024-05-06 19:41:15,2024-05_AB_2109.0_7.0
2989.0,0.0,2024-05-06 19:40:19,2024-05_AB_2736.0_7.0
2491.0,0.0,2024-05-06 19:38:44,2024-05_AB_2561.0_7.0
0.0,45.0,2024-05-06 19:36:49,2024-05_AB_2624.0_7.0
3800.0,42.0,2024-05-06 19:35:47,2024-05_AB_2145.0_7.0
2500.0,29.0,2024-05-06 19:34:33,2024-05_AB_2325.0_7.0
1000.0,30.0,2024-05-06 19:31:50,2024-05_AB_2637.0_7.0
800.0,44.0,2024-05-06 19:30:20,2024-05_AB_2505.0_7.0
3000.0,38.0,2024-05-06 19:29:27,2024-05_AB_2340.0_7.0
1998.0,0.0,2024-05-06 19:28:04,2024-05_AB_2372.0_6.0
3000.0,44.0,2024-05-06 19:24:50,2024-05_AB_2311.0_6.0
3000.0,77.0,2024-05-06 19:24:01,2024-05_AB_2359.0_6.0
2000.0,183.0,2024-05-06 14:39:48,2024-05_AB_2838.0_6.0
1200.0,109.0,2024-05-06 14:38:37,2024-05_AB_2367.0_6.0
2503.0,0.0,2024-05-06 14:38:27,2024-05_AB_2107.0_6.0
1500.0,448.0,2024-05-06 14:37:55,2024-05_AB_2439.0_7.0
2146.0,0.0,2024-05-06 14:35:31,2024-05_AB_2318.0_6.0
2559.0,0.0,2024-05-06 14:01:00,2024-05_AB_2332.0_6.0
593.0,0.0,2024-05-06 13:59:07,2024-05_AB_2366.0_6.0
1200.0,172.0,2024-05-06 13:47:03,2024-05_AB_2509.0_6.0
312.0,0.0,2024-05-06 13:17:28,2024-05_AB_2397.0_6.0
1200.0,102.0,2024-05-06 12:30:26,2024-05_AB_2409.0_6.0
3000.0,128.0,2024-05-06 12:25:13,2024-05_AB_2125.0_6.0
300.0,187.0,2024-05-06 12:18:40,2024-05_AB_2551.0_6.0
1000.0,338.0,2024-05-06 12:18:01,2024-05_AB_2350.0_6.0
1000.0,232.0,2024-05-06 12:12:02,2024-05_AB_2146.0_6.0
1000.0,325.0,2024-05-06 12:10:46,2024-05_AB_2643.0_6.0
129.0,0.0,2024-05-06 12:05:41,2024-05_AB_2424.0_6.0
1200.0,218.0,2024-05-06 11:57:29,2024-05_AB_2341.0_6.0
500.0,194.0,2024-05-06 11:46:15,2024-05_AB_2135.0_6.0
3000.0,411.0,2024-05-06 11:45:31,2024-05_AB_2508.0_6.0
48.0,0.0,2024-05-06 10:49:04,2024-05_AB_2358.0_6.0
301.0,0.0,2024-05-06 10:45:50,2024-05_AB_2572.0_6.0
1200.0,144.0,2024-05-06 10:38:34,2024-05_AB_2525.0_6.0
800.0,169.0,2024-05-06 10:06:48,2024-05_AB_2401.0_6.0
3000.0,1.0,2024-05-06 09:58:05,2024-05_AB_2541.0_6.0
200.0,77.0,2024-05-06 09:57:12,2024-05_AB_2349.0_6.0
1800.0,52.0,2024-05-06 09:52:01,2024-05_AB_2120.0_6.0
2800.0,181.0,2024-05-06 09:50:55,2024-05_AB_2334.0_6.0
1800.0,108.0,2024-05-06 09:47:14,2024-05_AB_2124.0_6.0
300.0,537.0,2024-05-06 09:27:08,2024-05_AB_2437.0_6.0
1007.0,0.0,2024-05-06 09:25:56,2024-05_AB_2407.0_6.0
1000.0,425.0,2024-05-06 09:17:40,2024-05_AB_2642.0_6.0
204.0,0.0,2024-05-06 09:17:37,2024-05_AB_2510.0_6.0
1500.0,328.0,2024-05-06 09:16:40,2024-05_AB_2376.0_6.0
500.0,458.0,2024-05-06 09:15:55,2024-05_AB_2104.0_6.0
264.0,0.0,2024-05-06 09:11:55,2024-05_AB_2134.0_6.0
300.0,217.0,2024-05-06 09:10:28,2024-05_AB_2365.0_6.0
100.0,298.0,2024-05-06 09:09:04,2024-05_AB_2143.0_6.0
349.0,0.0,2024-05-06 09:07:59,2024-05_AB_2527.0_6.0
200.0,384.0,2024-05-06 09:06:52,2024-05_AB_2324.0_6.0
500.0,27.0,2024-05-06 07:46:13,2024-05_AB_2550.0_6.0
1569.0,95.0,2024-05-06 07:45:17,2024-05_AB_2504.0_6.0
0.0,1.0,2024-05-06 07:36:23,2024-05_AB_8119.0_6.0
0.0,55.0,2024-05-06 07:35:23,2024-05_AB_2629.0_6.0
1333.0,0.0,2024-05-06 07:29:14,2024-05_AB_2564.0_6.0
100.0,64.0,2024-05-06 07:25:13,2024-05_AB_2384.0_6.0
300.0,250.0,2024-05-06 06:58:15,2024-05_AB_2497.0_6.0
500.0,377.0,2024-05-06 06:50:51,2024-05_AB_2364.0_6.0
700.0,94.0,2024-05-06 06:42:23,2024-05_AB_2491.0_6.0
152.0,0.0,2024-05-06 06:20:57,2024-05_AB_2465.0_6.0
1800.0,29.0,2024-05-06 06:04:51,2024-05_AB_2451.0_6.0
600.0,70.0,2024-05-06 05:32:47,2024-05_AB_2486.0_6.0
1500.0,52.0,2024-05-06 05:29:19,2024-05_AB_2432.0_6.0
1000.0,13.0,2024-05-06 05:28:30,2024-05_AB_2108.0_6.0
1000.0,78.0,2024-05-06 05:26:24,2024-05_AB_2173.0_6.0
1000.0,30.0,2024-05-06 05:25:31,2024-05_AB_2128.0_6.0
300.0,1105.0,2024-05-06 05:23:53,2024-05_AB_2628.0_6.0
0.0,98.0,2024-05-06 05:16:57,2024-05_AB_2142.0_6.0
100.0,77.0,2024-05-06 05:16:40,2024-05_AB_2386.0_6.0
1500.0,53.0,2024-05-06 05:15:56,2024-05_AB_2110.0_6.0
1000.0,24.0,2024-05-06 05:14:47,2024-05_AB_2608.0_6.0
1000.0,74.0,2024-05-06 05:13:04,2024-05_AB_2431.0_6.0
11.0,400.0,2024-05-06 05:12:04,2024-05_AB_2379.0_6.0
222.0,0.0,2024-05-06 05:02:15,2024-05_AB_2627.0_6.0
112.0,0.0,2024-05-06 04:59:18,2024-05_AB_2394.0_6.0
2000.0,59.0,2024-05-06 04:51:36,2024-05_AB_2503.0_6.0
1800.0,94.0,2024-05-06 04:47:15,2024-05_AB_2323.0_6.0
300.0,8.0,2024-05-06 04:43:29,2024-05_AB_2563.0_6.0
100.0,89.0,2024-05-06 04:40:17,2024-05_AB_2851.0_6.0
500.0,16.0,2024-05-06 04:22:29,2024-05_AB_7583.0_6.0
51.0,0.0,2024-05-06 03:34:30,2024-05_AB_2378.0_6.0
500.0,29.0,2024-05-06 03:18:28,2024-05_AB_2526.0_6.0
1500.0,99.0,2024-05-06 03:17:19,2024-05_AB_2406.0_6.0
100.0,52.0,2024-05-06 03:15:49,2024-05_AB_2613.0_6.0
1500.0,100.0,2024-05-06 03:13:47,2024-05_AB_2498.0_6.0
141.0,0.0,2024-05-06 03:13:04,2024-05_AB_2373.0_6.0
300.0,78.0,2024-05-06 03:09:26,2024-05_AB_2519.0_6.0
788.0,0.0,2024-05-06 03:06:55,2024-05_AB_2562.0_6.0
200.0,3.0,2024-05-06 03:04:07,2024-05_AB_2781.0_6.0
1000.0,88.0,2024-05-06 03:01:43,2024-05_AB_2411.0_6.0
1500.0,18.0,2024-05-06 02:47:22,2024-05_AB_2172.0_6.0
283.0,0.0,2024-05-06 02:16:50,2024-05_AB_2380.0_6.0
1515.0,0.0,2024-05-06 02:16:30,2024-05_AB_2127.0_6.0
837.0,0.0,2024-05-06 02:16:12,2024-05_AB_2385.0_6.0
284.0,0.0,2024-05-06 02:15:45,2024-05_AB_2463.0_6.0
195.0,0.0,2024-05-06 02:15:27,2024-05_AB_2371.0_6.0
107.0,0.0,2024-05-06 01:34:40,2024-05_AB_2625.0_6.0
300.0,155.0,2024-05-06 01:34:01,2024-05_AB_2492.0_6.0
300.0,82.0,2024-05-06 01:33:01,2024-05_AB_2612.0_6.0
151.0,0.0,2024-05-06 01:19:43,2024-05_AB_2342.0_6.0
300.0,64.0,2024-05-06 01:16:42,2024-05_AB_2850.0_6.0
500.0,132.0,2024-05-06 01:03:37,2024-05_AB_2719.0_6.0
527.0,0.0,2024-05-06 00:59:39,2024-05_AB_2102.0_6.0
79.0,0.0,2024-05-05 23:38:58,2024-05_AB_2607.0_6.0
2068.0,0.0,2024-05-05 23:38:11,2024-05_AB_2518.0_6.0
579.0,0.0,2024-05-05 23:37:43,2024-05_AB_2638.0_6.0
1499.0,0.0,2024-05-05 23:37:08,2024-05_AB_2524.0_6.0
1803.0,0.0,2024-05-05 23:36:53,2024-05_AB_2410.0_6.0
1014.0,0.0,2024-05-05 23:36:23,2024-05_AB_2405.0_6.0
90.0,0.0,2024-05-05 23:35:30,2024-05_AB_2355.0_6.0
1095.0,0.0,2024-05-05 23:35:05,2024-05_AB_2485.0_6.0
834.0,0.0,2024-05-05 23:34:28,2024-05_AB_2462.0_6.0
545.0,0.0,2024-05-05 23:28:19,2024-05_AB_2421.0_6.0
488.0,0.0,2024-05-05 22:41:27,2024-05_AB_2375.0_6.0
982.0,0.0,2024-05-05 20:04:13,2024-05_AB_2312.0_6.0
2000.0,52.0,2024-05-05 20:03:17,2024-05_AB_2325.0_6.0
1000.0,43.0,2024-05-05 20:02:21,2024-05_AB_2109.0_6.0
2000.0,13.0,2024-05-05 20:01:33,2024-05_AB_2736.0_6.0
2500.0,38.0,2024-05-05 19:59:03,2024-05_AB_2561.0_6.0
200.0,67.0,2024-05-05 19:58:08,2024-05_AB_2624.0_6.0
987.0,0.0,2024-05-05 19:28:59,2024-05_AB_2145.0_6.0
800.0,19.0,2024-05-05 19:25:57,2024-05_AB_2637.0_6.0
1000.0,19.0,2024-05-05 19:25:12,2024-05_AB_2505.0_6.0
3000.0,73.0,2024-05-05 19:24:28,2024-05_AB_2340.0_6.0
2500.0,32.0,2024-05-05 19:21:55,2024-05_AB_2311.0_5.0
3000.0,40.0,2024-05-05 19:21:23,2024-05_AB_2359.0_5.0
2000.0,96.0,2024-05-05 16:13:29,2024-05_AB_2107.0_5.0
1000.0,93.0,2024-05-05 13:59:06,2024-05_AB_2439.0_6.0
1000.0,46.0,2024-05-05 13:58:16,2024-05_AB_2738.0_5.0
27.0,0.0,2024-05-05 13:57:54,2024-05_AB_2397.0_5.0
4000.0,83.0,2024-05-05 13:57:24,2024-05_AB_2350.0_5.0
1500.0,22.0,2024-05-05 13:56:39,2024-05_AB_2367.0_5.0
300.0,72.0,2024-05-05 13:55:32,2024-05_AB_2509.0_5.0
1500.0,74.0,2024-05-05 13:53:43,2024-05_AB_2409.0_5.0
3200.0,56.0,2024-05-05 13:52:38,2024-05_AB_2125.0_5.0
1200.0,74.0,2024-05-05 13:49:49,2024-05_AB_2318.0_5.0
1000.0,24.0,2024-05-05 13:48:20,2024-05_AB_2332.0_5.0
1000.0,88.0,2024-05-05 13:47:01,2024-05_AB_2366.0_5.0
824.0,40.0,2024-05-05 13:33:06,2024-05_AB_2508.0_5.0
100.0,93.0,2024-05-05 12:45:15,2024-05_AB_2551.0_5.0
2200.0,139.0,2024-05-05 12:44:45,2024-05_AB_2146.0_5.0
1200.0,41.0,2024-05-05 12:44:00,2024-05_AB_2643.0_5.0
62.0,0.0,2024-05-05 12:39:55,2024-05_AB_2630.0_5.0
1500.0,53.0,2024-05-05 12:39:19,2024-05_AB_2341.0_5.0
1000.0,12.0,2024-05-05 12:06:53,2024-05_AB_2437.0_5.0
200.0,87.0,2024-05-05 12:03:18,2024-05_AB_2349.0_5.0
500.0,93.0,2024-05-05 12:02:53,2024-05_AB_2135.0_5.0
100.0,50.0,2024-05-05 11:38:22,2024-05_AB_2424.0_5.0
0.0,93.0,2024-05-05 11:35:44,2024-05_AB_2358.0_5.0
1000.0,18.0,2024-05-05 11:33:04,2024-05_AB_2550.0_5.0
1500.0,4.0,2024-05-05 11:25:42,2024-05_AB_2120.0_5.0
1500.0,218.0,2024-05-05 11:17:37,2024-05_AB_2376.0_5.0
1200.0,264.0,2024-05-05 11:07:56,2024-05_AB_2525.0_5.0
2000.0,39.0,2024-05-05 11:00:09,2024-05_AB_2334.0_5.0
1500.0,15.0,2024-05-05 10:28:37,2024-05_AB_2541.0_5.0
300.0,2.0,2024-05-05 10:22:15,2024-05_AB_2504.0_5.0
20.0,19.0,2024-05-05 10:21:09,2024-05_AB_2510.0_5.0
1500.0,71.0,2024-05-05 10:20:59,2024-05_AB_2124.0_5.0
1077.0,30.0,2024-05-05 10:17:29,2024-05_AB_2629.0_5.0
1137.0,72.0,2024-05-05 10:15:48,2024-05_AB_2401.0_5.0
0.0,44.0,2024-05-05 10:15:09,2024-05_AB_1071.0_5.0
1000.0,96.0,2024-05-05 10:06:58,2024-05_AB_2642.0_5.0
1848.0,26.0,2024-05-05 09:54:37,2024-05_AB_2407.0_5.0
800.0,84.0,2024-05-05 09:47:48,2024-05_AB_1070.0_5.0
1007.0,101.0,2024-05-05 09:46:19,2024-05_AB_2104.0_5.0
1000.0,78.0,2024-05-05 09:46:15,2024-05_AB_2134.0_5.0
500.0,77.0,2024-05-05 09:45:31,2024-05_AB_2365.0_5.0
300.0,73.0,2024-05-05 09:45:00,2024-05_AB_2143.0_5.0
200.0,59.0,2024-05-05 09:31:27,2024-05_AB_2324.0_5.0
0.0,15.0,2024-05-05 09:23:39,2024-05_AB_2491.0_5.0
1500.0,19.0,2024-05-05 09:05:44,2024-05_AB_2527.0_5.0
1500.0,262.0,2024-05-05 08:40:23,2024-05_AB_2564.0_5.0
578.0,0.0,2024-05-05 08:31:50,2024-05_AB_2108.0_5.0
1581.0,0.0,2024-05-05 08:30:04,2024-05_AB_2128.0_5.0
300.0,137.0,2024-05-05 07:29:07,2024-05_AB_2497.0_5.0
198.0,0.0,2024-05-05 07:27:28,2024-05_AB_2142.0_5.0
1000.0,187.0,2024-05-05 07:25:46,2024-05_AB_2364.0_5.0
753.0,176.0,2024-05-05 07:01:13,2024-05_AB_2386.0_5.0
2000.0,94.0,2024-05-05 06:58:40,2024-05_AB_2608.0_5.0
179.0,0.0,2024-05-05 06:52:25,2024-05_AB_2465.0_5.0
655.0,109.0,2024-05-05 06:49:10,2024-05_AB_2431.0_5.0
73.0,0.0,2024-05-05 06:42:24,2024-05_AB_2384.0_5.0
2873.0,174.0,2024-05-05 06:42:05,2024-05_AB_2503.0_5.0
1622.0,0.0,2024-05-05 06:40:21,2024-05_AB_2628.0_5.0
998.0,0.0,2024-05-05 06:36:59,2024-05_AB_2110.0_5.0
500.0,50.0,2024-05-05 06:14:25,2024-05_AB_2486.0_5.0
194.0,0.0,2024-05-05 06:10:59,2024-05_AB_2379.0_5.0
2084.0,0.0,2024-05-05 06:06:28,2024-05_AB_2451.0_5.0
81.0,77.0,2024-05-05 05:36:45,2024-05_AB_2534.0_5.0
1624.0,1.0,2024-05-05 05:36:44,2024-05_AB_2377.0_5.0
1000.0,91.0,2024-05-05 05:35:35,2024-05_AB_2173.0_5.0
1196.0,13.0,2024-05-05 05:35:13,2024-05_AB_2432.0_5.0
603.0,44.0,2024-05-05 05:32:01,2024-05_AB_2563.0_5.0
278.0,0.0,2024-05-05 05:19:11,2024-05_AB_2380.0_5.0
117.0,0.0,2024-05-05 05:18:10,2024-05_AB_2627.0_5.0
414.0,0.0,2024-05-05 05:17:43,2024-05_AB_2323.0_5.0
100.0,54.0,2024-05-05 05:04:47,2024-05_AB_2613.0_5.0
912.0,0.0,2024-05-05 04:59:08,2024-05_AB_2498.0_5.0
1571.0,0.0,2024-05-05 04:28:12,2024-05_AB_2127.0_5.0
993.0,0.0,2024-05-05 04:26:50,2024-05_AB_2572.0_5.0
200.0,49.0,2024-05-05 04:18:38,2024-05_AB_2394.0_5.0
1200.0,143.0,2024-05-05 04:13:24,2024-05_AB_2519.0_5.0
500.0,64.0,2024-05-05 04:12:05,2024-05_AB_2526.0_5.0
146.0,0.0,2024-05-05 03:35:24,2024-05_AB_2371.0_5.0
500.0,48.0,2024-05-05 03:23:56,2024-05_AB_2851.0_5.0
500.0,48.0,2024-05-05 03:23:40,2024-05_AB_2533.0_5.0
800.0,2.0,2024-05-05 03:21:57,2024-05_AB_2463.0_5.0
800.0,45.0,2024-05-05 03:14:44,2024-05_AB_2373.0_5.0
3000.0,101.0,2024-05-05 02:21:03,2024-05_AB_2172.0_5.0
1500.0,107.0,2024-05-05 02:04:24,2024-05_AB_2462.0_5.0
2000.0,34.0,2024-05-05 01:59:14,2024-05_AB_2385.0_5.0
84.0,0.0,2024-05-05 01:28:45,2024-05_AB_2378.0_5.0
2000.0,9.0,2024-05-05 01:26:52,2024-05_AB_2406.0_5.0
2000.0,13.0,2024-05-05 01:22:41,2024-05_AB_7582.0_5.0
1500.0,20.0,2024-05-05 01:16:01,2024-05_AB_2102.0_5.0
87.0,0.0,2024-05-05 01:12:47,2024-05_AB_2492.0_5.0
500.0,124.0,2024-05-05 01:09:28,2024-05_AB_2612.0_5.0
500.0,29.0,2024-05-05 01:08:54,2024-05_AB_2638.0_5.0
2500.0,108.0,2024-05-05 01:08:32,2024-05_AB_2518.0_5.0
2500.0,44.0,2024-05-05 01:05:21,2024-05_AB_2719.0_5.0
2500.0,9.0,2024-05-05 01:02:55,2024-05_AB_2342.0_5.0
2000.0,12.0,2024-05-05 00:52:55,2024-05_AB_2562.0_5.0
0.0,4.0,2024-05-05 00:43:03,2024-05_AB_2607.0_5.0
2401.0,72.0,2024-05-05 00:41:51,2024-05_AB_2781.0_5.0
2000.0,12.0,2024-05-05 00:39:04,2024-05_AB_2625.0_5.0
3800.0,64.0,2024-05-05 00:38:17,2024-05_AB_2405.0_5.0
500.0,63.0,2024-05-04 23:59:10,2024-05_AB_2850.0_5.0
2800.0,54.0,2024-05-04 23:54:54,2024-05_AB_2524.0_5.0
1000.0,11.0,2024-05-04 23:49:45,2024-05_AB_2375.0_5.0
1000.0,95.0,2024-05-04 23:20:50,2024-05_AB_2485.0_5.0
1000.0,35.0,2024-05-04 23:20:07,2024-05_AB_2372.0_5.0
800.0,47.0,2024-05-04 23:19:38,2024-05_AB_2421.0_5.0
2500.0,62.0,2024-05-04 21:59:16,2024-05_AB_2561.0_5.0
200.0,17.0,2024-05-04 21:57:45,2024-05_AB_2624.0_5.0
1773.0,73.0,2024-05-04 21:14:54,2024-05_AB_2355.0_5.0
3200.0,23.0,2024-05-04 20:23:38,2024-05_AB_2410.0_5.0
2000.0,32.0,2024-05-04 20:22:40,2024-05_AB_2312.0_5.0
2570.0,0.0,2024-05-04 20:21:54,2024-05_AB_2325.0_5.0
993.0,0.0,2024-05-04 20:21:02,2024-05_AB_2109.0_5.0
2800.0,88.0,2024-05-04 20:20:21,2024-05_AB_2736.0_5.0
3800.0,69.0,2024-05-04 20:19:18,2024-05_AB_2145.0_5.0
2500.0,14.0,2024-05-04 20:17:04,2024-05_AB_2637.0_5.0
794.0,0.0,2024-05-04 20:15:16,2024-05_AB_2505.0_5.0
2800.0,48.0,2024-05-04 20:14:26,2024-05_AB_2340.0_5.0
3000.0,37.0,2024-05-04 20:13:31,2024-05_AB_2311.0_4.0
3000.0,56.0,2024-05-04 20:12:16,2024-05_AB_2359.0_4.0
2000.0,44.0,2024-05-04 16:38:29,2024-05_AB_2107.0_4.0
2500.0,32.0,2024-05-04 15:38:42,2024-05_AB_2318.0_4.0
2171.0,77.0,2024-05-04 15:14:25,2024-05_AB_2332.0_4.0
300.0,74.0,2024-05-04 14:38:58,2024-05_AB_2509.0_4.0
2000.0,99.0,2024-05-04 14:22:18,2024-05_AB_2439.0_5.0
1500.0,16.0,2024-05-04 14:21:25,2024-05_AB_2738.0_4.0
1180.0,0.0,2024-05-04 14:16:32,2024-05_AB_2367.0_4.0
2033.0,0.0,2024-05-04 14:13:50,2024-05_AB_2350.0_4.0
1374.0,0.0,2024-05-04 14:12:16,2024-05_AB_2146.0_4.0
1200.0,89.0,2024-05-04 14:05:24,2024-05_AB_2366.0_4.0
0.0,52.0,2024-05-04 14:04:13,2024-05_AB_2397.0_4.0
1800.0,99.0,2024-05-04 13:29:54,2024-05_AB_2409.0_4.0
401.0,0.0,2024-05-04 13:20:28,2024-05_AB_2643.0_4.0
100.0,38.0,2024-05-04 13:10:30,2024-05_AB_2551.0_4.0
1037.0,0.0,2024-05-04 13:07:43,2024-05_AB_2341.0_4.0
681.0,0.0,2024-05-04 13:06:11,2024-05_AB_2135.0_4.0
0.0,17.0,2024-05-04 12:47:35,2024-05_AB_2630.0_4.0
800.0,59.0,2024-05-04 12:20:26,2024-05_AB_2437.0_4.0
2000.0,24.0,2024-05-04 12:09:53,2024-05_AB_2125.0_4.0
200.0,52.0,2024-05-04 12:00:09,2024-05_AB_2349.0_4.0
3000.0,57.0,2024-05-04 11:48:42,2024-05_AB_2508.0_4.0
300.0,55.0,2024-05-04 11:38:58,2024-05_AB_2424.0_4.0
1500.0,64.0,2024-05-04 11:31:13,2024-05_AB_2120.0_4.0
1050.0,0.0,2024-05-04 11:08:49,2024-05_AB_2525.0_4.0
858.0,0.0,2024-05-04 11:07:23,2024-05_AB_2401.0_4.0
500.0,93.0,2024-05-04 11:05:01,2024-05_AB_2358.0_4.0
1818.0,6.0,2024-05-04 10:58:12,2024-05_AB_2407.0_4.0
180.0,89.0,2024-05-04 10:54:01,2024-05_AB_2510.0_4.0
500.0,54.0,2024-05-04 10:51:08,2024-05_AB_1071.0_4.0
681.0,0.0,2024-05-04 10:32:22,2024-05_AB_2642.0_4.0
1800.0,73.0,2024-05-04 10:32:16,2024-05_AB_2104.0_4.0
1619.0,0.0,2024-05-04 10:30:24,2024-05_AB_2376.0_4.0
800.0,78.0,2024-05-04 10:27:36,2024-05_AB_2550.0_4.0
1135.0,15.0,2024-05-04 10:12:16,2024-05_AB_2541.0_4.0
2000.0,22.0,2024-05-04 10:10:55,2024-05_AB_2334.0_4.0
1141.0,81.0,2024-05-04 10:07:35,2024-05_AB_2504.0_4.0
1800.0,14.0,2024-05-04 10:02:40,2024-05_AB_2124.0_4.0
144.0,0.0,2024-05-04 10:01:43,2024-05_AB_1070.0_4.0
74.0,0.0,2024-05-04 09:51:08,2024-05_AB_2365.0_4.0
1500.0,16.0,2024-05-04 09:43:56,2024-05_AB_2134.0_4.0
903.0,0.0,2024-05-04 09:41:06,2024-05_AB_2143.0_4.0
14.0,0.0,2024-05-04 09:34:26,2024-05_AB_2324.0_4.0
2397.0,0.0,2024-05-04 09:29:25,2024-05_AB_2629.0_4.0
1979.0,0.0,2024-05-04 09:15:07,2024-05_AB_2432.0_4.0
375.0,0.0,2024-05-04 08:57:51,2024-05_AB_2491.0_4.0
289.0,0.0,2024-05-04 08:20:57,2024-05_AB_2108.0_4.0
300.0,102.0,2024-05-04 07:41:38,2024-05_AB_2497.0_4.0
200.0,173.0,2024-05-04 07:33:52,2024-05_AB_2142.0_4.0
1500.0,109.0,2024-05-04 07:28:53,2024-05_AB_2364.0_4.0
347.0,182.0,2024-05-04 07:20:34,2024-05_AB_2386.0_4.0
3500.0,144.0,2024-05-04 07:19:19,2024-05_AB_2608.0_4.0
175.0,0.0,2024-05-04 07:17:46,2024-05_AB_2465.0_4.0
100.0,8.0,2024-05-04 06:32:01,2024-05_AB_2384.0_4.0
2000.0,91.0,2024-05-04 06:21:05,2024-05_AB_2128.0_4.0
2000.0,7.0,2024-05-04 06:19:56,2024-05_AB_2628.0_4.0
1500.0,8.0,2024-05-04 06:19:14,2024-05_AB_2110.0_4.0
500.0,82.0,2024-05-04 05:50:08,2024-05_AB_2379.0_4.0
300.0,53.0,2024-05-04 05:49:29,2024-05_AB_2431.0_4.0
1000.0,69.0,2024-05-04 05:41:31,2024-05_AB_2173.0_4.0
2500.0,130.0,2024-05-04 05:05:08,2024-05_AB_2451.0_4.0
200.0,198.0,2024-05-04 05:04:01,2024-05_AB_2380.0_4.0
1000.0,149.0,2024-05-04 04:51:21,2024-05_AB_2323.0_4.0
866.0,0.0,2024-05-04 04:49:44,2024-05_AB_2565.0_4.0
1800.0,131.0,2024-05-04 03:30:25,2024-05_AB_2127.0_4.0
1500.0,158.0,2024-05-04 03:26:47,2024-05_AB_2572.0_4.0
1840.0,0.0,2024-05-04 03:00:15,2024-05_AB_2377.0_4.0
1000.0,22.0,2024-05-04 02:57:17,2024-05_AB_2486.0_4.0
1500.0,7.0,2024-05-04 02:56:33,2024-05_AB_2498.0_4.0
300.0,54.0,2024-05-04 02:55:34,2024-05_AB_2519.0_4.0
187.0,0.0,2024-05-04 02:42:51,2024-05_AB_2378.0_4.0
3000.0,113.0,2024-05-04 02:41:36,2024-05_AB_2406.0_4.0
2000.0,138.0,2024-05-04 02:40:37,2024-05_AB_2411.0_4.0
1716.0,114.0,2024-05-04 02:34:44,2024-05_AB_2102.0_4.0
99.0,0.0,2024-05-04 02:34:34,2024-05_AB_2613.0_4.0
3032.0,0.0,2024-05-04 02:22:31,2024-05_AB_2503.0_4.0
859.0,0.0,2024-05-04 02:21:45,2024-05_AB_2534.0_4.0
222.0,0.0,2024-05-04 02:20:31,2024-05_AB_2851.0_4.0
832.0,0.0,2024-05-04 02:19:45,2024-05_AB_2463.0_4.0
2019.0,0.0,2024-05-04 02:18:48,2024-05_AB_2385.0_4.0
44.0,0.0,2024-05-04 02:16:55,2024-05_AB_2607.0_4.0
90.0,0.0,2024-05-04 02:15:23,2024-05_AB_2373.0_4.0
500.0,20.0,2024-05-04 02:13:37,2024-05_AB_2526.0_4.0
2500.0,94.0,2024-05-04 02:12:51,2024-05_AB_2627.0_4.0
200.0,90.0,2024-05-04 02:11:49,2024-05_AB_2394.0_4.0
200.0,81.0,2024-05-04 02:02:07,2024-05_AB_2371.0_4.0
200.0,79.0,2024-05-04 02:00:04,2024-05_AB_2533.0_4.0
3000.0,54.0,2024-05-04 00:52:07,2024-05_AB_2172.0_4.0
500.0,87.0,2024-05-04 00:51:37,2024-05_AB_2492.0_4.0
2500.0,159.0,2024-05-04 00:50:40,2024-05_AB_2518.0_4.0
3000.0,63.0,2024-05-04 00:50:35,2024-05_AB_2625.0_4.0
500.0,49.0,2024-05-04 00:49:50,2024-05_AB_2612.0_4.0
198.0,0.0,2024-05-04 00:49:25,2024-05_AB_2638.0_4.0
2500.0,77.0,2024-05-04 00:49:06,2024-05_AB_2342.0_4.0
2500.0,84.0,2024-05-04 00:48:26,2024-05_AB_2781.0_4.0
2500.0,169.0,2024-05-04 00:47:53,2024-05_AB_2719.0_4.0
832.0,0.0,2024-05-04 00:16:00,2024-05_AB_2462.0_4.0
2805.0,0.0,2024-05-03 23:45:02,2024-05_AB_2524.0_4.0
31.0,0.0,2024-05-03 23:44:10,2024-05_AB_2355.0_4.0
1514.0,0.0,2024-05-03 23:43:26,2024-05_AB_2312.0_4.0
1092.0,0.0,2024-05-03 23:41:57,2024-05_AB_2850.0_4.0
894.0,0.0,2024-05-03 23:41:18,2024-05_AB_2375.0_4.0
2535.0,0.0,2024-05-03 23:41:01,2024-05_AB_2325.0_4.0
1500.0,274.0,2024-05-03 23:15:22,2024-05_AB_2109.0_4.0
2000.0,238.0,2024-05-03 23:01:32,2024-05_AB_2405.0_4.0
1500.0,407.0,2024-05-03 23:00:42,2024-05_AB_2485.0_4.0
3200.0,174.0,2024-05-03 21:06:20,2024-05_AB_2410.0_4.0
3200.0,295.0,2024-05-03 20:27:01,2024-05_AB_2372.0_4.0
800.0,422.0,2024-05-03 20:25:55,2024-05_AB_2421.0_4.0
2500.0,399.0,2024-05-03 20:23:17,2024-05_AB_2736.0_4.0
0.0,363.0,2024-05-03 20:18:11,2024-05_AB_2624.0_4.0
3500.0,339.0,2024-05-03 20:17:18,2024-05_AB_2145.0_4.0
1200.0,288.0,2024-05-03 20:12:19,2024-05_AB_2637.0_4.0
700.0,389.0,2024-05-03 18:55:54,2024-05_AB_2505.0_4.0
2800.0,434.0,2024-05-03 18:51:40,2024-05_AB_2340.0_4.0
2800.0,229.0,2024-05-03 18:47:32,2024-05_AB_2311.0_3.0
3000.0,146.0,2024-05-03 18:45:17,2024-05_AB_2359.0_3.0
2000.0,89.0,2024-05-03 15:33:54,2024-05_AB_2439.0_4.0
2000.0,34.0,2024-05-03 15:33:09,2024-05_AB_2107.0_3.0
2000.0,59.0,2024-05-03 14:03:52,2024-05_AB_2738.0_3.0
2000.0,77.0,2024-05-03 14:02:29,2024-05_AB_2146.0_3.0
2528.0,0.0,2024-05-03 13:58:18,2024-05_AB_2332.0_3.0
2000.0,59.0,2024-05-03 13:57:37,2024-05_AB_2643.0_3.0
1069.0,0.0,2024-05-03 13:56:35,2024-05_AB_2366.0_3.0
1500.0,79.0,2024-05-03 13:49:42,2024-05_AB_2367.0_3.0
3000.0,42.0,2024-05-03 13:48:49,2024-05_AB_2318.0_3.0
2112.0,30.0,2024-05-03 13:22:33,2024-05_AB_2508.0_3.0
1000.0,20.0,2024-05-03 13:19:06,2024-05_AB_2509.0_3.0
2500.0,79.0,2024-05-03 13:17:04,2024-05_AB_2350.0_3.0
392.0,0.0,2024-05-03 12:40:25,2024-05_AB_2397.0_3.0
2301.0,28.0,2024-05-03 12:21:53,2024-05_AB_2125.0_3.0
500.0,5.0,2024-05-03 12:21:10,2024-05_AB_2437.0_3.0
1500.0,38.0,2024-05-03 12:19:53,2024-05_AB_2409.0_3.0
200.0,77.0,2024-05-03 12:17:32,2024-05_AB_2349.0_3.0
718.0,0.0,2024-05-03 12:17:30,2024-05_AB_2551.0_3.0
1500.0,79.0,2024-05-03 12:06:23,2024-05_AB_2341.0_3.0
168.0,0.0,2024-05-03 11:47:32,2024-05_AB_2630.0_3.0
500.0,17.0,2024-05-03 11:30:15,2024-05_AB_2135.0_3.0
185.0,0.0,2024-05-03 11:25:55,2024-05_AB_2424.0_3.0
1800.0,52.0,2024-05-03 11:23:58,2024-05_AB_2120.0_3.0
89.0,0.0,2024-05-03 11:16:48,2024-05_AB_2358.0_3.0
2026.0,7.0,2024-05-03 11:03:52,2024-05_AB_2407.0_3.0
2300.0,0.0,2024-05-03 11:03:41,2024-05_AB_2541.0_3.0
1800.0,53.0,2024-05-03 11:00:31,2024-05_AB_2525.0_3.0
723.0,0.0,2024-05-03 10:59:12,2024-05_AB_2550.0_3.0
1150.0,4.0,2024-05-03 10:37:59,2024-05_AB_2104.0_3.0
1500.0,14.0,2024-05-03 10:28:58,2024-05_AB_2124.0_3.0
1887.0,0.0,2024-05-03 10:26:32,2024-05_AB_2334.0_3.0
2291.0,67.0,2024-05-03 10:22:30,2024-05_AB_2629.0_3.0
1000.0,84.0,2024-05-03 10:11:31,2024-05_AB_2401.0_3.0
1500.0,29.0,2024-05-03 10:09:30,2024-05_AB_2642.0_3.0
2400.0,79.0,2024-05-03 10:08:24,2024-05_AB_2376.0_3.0
1222.0,17.0,2024-05-03 09:59:11,2024-05_AB_2504.0_3.0
300.0,74.0,2024-05-03 09:51:10,2024-05_AB_2510.0_3.0
185.0,0.0,2024-05-03 09:45:14,2024-05_AB_2365.0_3.0
1500.0,37.0,2024-05-03 09:44:55,2024-05_AB_2134.0_3.0
144.0,0.0,2024-05-03 09:40:56,2024-05_AB_2143.0_3.0
0.0,40.0,2024-05-03 09:33:59,2024-05_AB_2491.0_3.0
1309.0,0.0,2024-05-03 09:23:05,2024-05_AB_2527.0_3.0
91.0,0.0,2024-05-03 09:05:19,2024-05_AB_2324.0_3.0
858.0,0.0,2024-05-03 09:03:20,2024-05_AB_2432.0_3.0
1500.0,52.0,2024-05-03 08:49:45,2024-05_AB_2564.0_3.0
500.0,74.0,2024-05-03 07:41:45,2024-05_AB_2108.0_3.0
2000.0,183.0,2024-05-03 07:09:36,2024-05_AB_2128.0_3.0
2000.0,138.0,2024-05-03 07:09:10,2024-05_AB_2628.0_3.0
1200.0,112.0,2024-05-03 07:01:35,2024-05_AB_2386.0_3.0
500.0,252.0,2024-05-03 07:00:44,2024-05_AB_2379.0_3.0
260.0,93.0,2024-05-03 05:48:04,2024-05_AB_2384.0_3.0
3000.0,9.0,2024-05-03 05:46:49,2024-05_AB_2503.0_3.0
1062.0,0.0,2024-05-03 05:36:55,2024-05_AB_2497.0_3.0
284.0,0.0,2024-05-03 05:36:36,2024-05_AB_2142.0_3.0
200.0,45.0,2024-05-03 05:29:24,2024-05_AB_2465.0_3.0
1000.0,80.0,2024-05-03 05:02:27,2024-05_AB_2364.0_3.0
2000.0,56.0,2024-05-03 04:59:14,2024-05_AB_2323.0_3.0
2500.0,173.0,2024-05-03 04:53:19,2024-05_AB_2451.0_3.0
1000.0,76.0,2024-05-03 04:52:47,2024-05_AB_2486.0_3.0
500.0,12.0,2024-05-03 04:50:12,2024-05_AB_2563.0_3.0
1079.0,0.0,2024-05-03 04:45:32,2024-05_AB_2173.0_3.0
2079.0,0.0,2024-05-03 03:43:35,2024-05_AB_2608.0_3.0
1059.0,0.0,2024-05-03 03:43:01,2024-05_AB_2431.0_3.0
1032.0,0.0,2024-05-03 03:42:36,2024-05_AB_2851.0_3.0
1584.0,0.0,2024-05-03 03:41:36,2024-05_AB_2110.0_3.0
500.0,38.0,2024-05-03 03:36:03,2024-05_AB_2526.0_3.0
1597.0,0.0,2024-05-03 03:27:53,2024-05_AB_2498.0_3.0
1843.0,0.0,2024-05-03 03:27:37,2024-05_AB_2127.0_3.0
2500.0,48.0,2024-05-03 03:25:48,2024-05_AB_2572.0_3.0
100.0,23.0,2024-05-03 03:23:04,2024-05_AB_2613.0_3.0
300.0,94.0,2024-05-03 03:22:51,2024-05_AB_2519.0_3.0
1500.0,35.0,2024-05-03 03:22:30,2024-05_AB_2377.0_3.0
200.0,64.0,2024-05-03 02:56:19,2024-05_AB_2380.0_3.0
800.0,29.0,2024-05-03 02:55:34,2024-05_AB_2534.0_3.0
2000.0,25.0,2024-05-03 02:51:38,2024-05_AB_2373.0_3.0
199.0,0.0,2024-05-03 02:40:25,2024-05_AB_2533.0_3.0
800.0,55.0,2024-05-03 02:11:47,2024-05_AB_2627.0_3.0
800.0,59.0,2024-05-03 02:08:55,2024-05_AB_2463.0_3.0
200.0,25.0,2024-05-03 01:34:28,2024-05_AB_2394.0_3.0
600.0,87.0,2024-05-03 01:24:21,2024-05_AB_2562.0_3.0
2500.0,27.0,2024-05-03 01:05:23,2024-05_AB_2342.0_3.0
2000.0,142.0,2024-05-03 01:05:12,2024-05_AB_2385.0_3.0
3500.0,34.0,2024-05-03 01:04:05,2024-05_AB_2411.0_3.0
3000.0,29.0,2024-05-03 01:02:55,2024-05_AB_2172.0_3.0
500.0,47.0,2024-05-03 01:01:59,2024-05_AB_2492.0_3.0
2687.0,71.0,2024-05-03 01:00:09,2024-05_AB_2524.0_3.0
3000.0,4.0,2024-05-03 01:00:06,2024-05_AB_2781.0_3.0
2200.0,44.0,2024-05-03 00:58:08,2024-05_AB_2518.0_3.0
1063.0,0.0,2024-05-03 00:52:06,2024-05_AB_2612.0_3.0
872.0,0.0,2024-05-03 00:51:42,2024-05_AB_2850.0_3.0
27.0,0.0,2024-05-03 00:51:02,2024-05_AB_2378.0_3.0
29.0,0.0,2024-05-03 00:50:39,2024-05_AB_2607.0_3.0
3020.0,0.0,2024-05-03 00:50:17,2024-05_AB_2625.0_3.0
2512.0,0.0,2024-05-03 00:49:56,2024-05_AB_2719.0_3.0
200.0,90.0,2024-05-03 00:34:56,2024-05_AB_2638.0_3.0
1500.0,24.0,2024-05-03 00:04:46,2024-05_AB_2462.0_3.0
1000.0,19.0,2024-05-02 23:45:43,2024-05_AB_2375.0_3.0
1800.0,239.0,2024-05-02 23:35:26,2024-05_AB_2405.0_3.0
3454.0,95.0,2024-05-02 23:34:46,2024-05_AB_2410.0_3.0
1500.0,16.0,2024-05-02 23:31:43,2024-05_AB_2485.0_3.0
800.0,90.0,2024-05-02 23:25:25,2024-05_AB_2372.0_3.0
800.0,67.0,2024-05-02 23:22:11,2024-05_AB_2421.0_3.0
0.0,378.0,2024-05-02 22:06:54,2024-05_AB_2355.0_3.0
1000.0,334.0,2024-05-02 22:04:20,2024-05_AB_2312.0_3.0
2800.0,204.0,2024-05-02 22:02:40,2024-05_AB_2325.0_3.0
1500.0,264.0,2024-05-02 22:01:27,2024-05_AB_2109.0_3.0
2800.0,209.0,2024-05-02 21:59:32,2024-05_AB_2736.0_3.0
2500.0,367.0,2024-05-02 21:58:28,2024-05_AB_2561.0_3.0
170.0,0.0,2024-05-02 19:27:33,2024-05_AB_2624.0_3.0
3000.0,224.0,2024-05-02 19:21:34,2024-05_AB_2340.0_3.0
3000.0,179.0,2024-05-02 19:20:48,2024-05_AB_2311.0_2.0
3000.0,283.0,2024-05-02 19:20:03,2024-05_AB_2359.0_2.0
3500.0,412.0,2024-05-02 19:02:31,2024-05_AB_2145.0_3.0
1500.0,295.0,2024-05-02 19:01:25,2024-05_AB_2637.0_3.0
2500.0,244.0,2024-05-02 18:58:13,2024-05_AB_2505.0_3.0
2000.0,79.0,2024-05-02 14:59:53,2024-05_AB_2439.0_3.0
2000.0,23.0,2024-05-02 14:44:37,2024-05_AB_2107.0_2.0
1500.0,4.0,2024-05-02 14:27:40,2024-05_AB_2367.0_2.0
163.0,54.0,2024-05-02 14:15:56,2024-05_AB_2509.0_2.0
2000.0,76.0,2024-05-02 14:09:10,2024-05_AB_2738.0_2.0
3500.0,64.0,2024-05-02 14:07:45,2024-05_AB_2350.0_2.0
2500.0,57.0,2024-05-02 14:01:04,2024-05_AB_2146.0_2.0
800.0,71.0,2024-05-02 13:59:45,2024-05_AB_2643.0_2.0
1500.0,29.0,2024-05-02 13:42:11,2024-05_AB_2409.0_2.0
1494.0,0.0,2024-05-02 13:40:07,2024-05_AB_2341.0_2.0
300.0,18.0,2024-05-02 13:19:06,2024-05_AB_2551.0_2.0
0.0,65.0,2024-05-02 13:07:04,2024-05_AB_2630.0_2.0
2800.0,51.0,2024-05-02 13:06:12,2024-05_AB_2318.0_2.0
1600.0,48.0,2024-05-02 12:31:16,2024-05_AB_2125.0_2.0
800.0,67.0,2024-05-02 12:30:42,2024-05_AB_2437.0_2.0
200.0,68.0,2024-05-02 12:26:46,2024-05_AB_2135.0_2.0
3000.0,79.0,2024-05-02 12:08:07,2024-05_AB_2332.0_2.0
1064.0,35.0,2024-05-02 12:06:36,2024-05_AB_2366.0_2.0
800.0,72.0,2024-05-02 11:52:32,2024-05_AB_7597.0_2.0
987.0,0.0,2024-05-02 11:36:19,2024-05_AB_2397.0_2.0
200.0,22.0,2024-05-02 11:07:57,2024-05_AB_2349.0_2.0
1800.0,27.0,2024-05-02 11:06:13,2024-05_AB_2120.0_2.0
2780.0,79.0,2024-05-02 11:03:03,2024-05_AB_2407.0_2.0
3000.0,26.0,2024-05-02 10:45:19,2024-05_AB_2508.0_2.0
1479.0,0.0,2024-05-02 10:33:02,2024-05_AB_2525.0_2.0
100.0,79.0,2024-05-02 10:31:06,2024-05_AB_2424.0_2.0
1000.0,64.0,2024-05-02 10:29:06,2024-05_AB_2104.0_2.0
200.0,224.0,2024-05-02 10:24:27,2024-05_AB_2358.0_2.0
428.0,80.0,2024-05-02 10:24:19,2024-05_AB_2124.0_2.0
571.0,79.0,2024-05-02 10:23:15,2024-05_AB_2629.0_2.0
500.0,108.0,2024-05-02 10:21:50,2024-05_AB_2550.0_2.0
1500.0,6.0,2024-05-02 10:11:55,2024-05_AB_2642.0_2.0
1500.0,34.0,2024-05-02 10:10:55,2024-05_AB_2376.0_2.0
1141.0,48.0,2024-05-02 10:09:49,2024-05_AB_2504.0_2.0
3000.0,71.0,2024-05-02 10:08:30,2024-05_AB_2334.0_2.0
300.0,74.0,2024-05-02 10:00:41,2024-05_AB_2510.0_2.0
477.0,55.0,2024-05-02 09:57:58,2024-05_AB_2365.0_2.0
300.0,34.0,2024-05-02 09:55:51,2024-05_AB_2143.0_2.0
0.0,60.0,2024-05-02 09:34:28,2024-05_AB_1071.0_2.0
200.0,35.0,2024-05-02 09:33:21,2024-05_AB_1070.0_2.0
700.0,4.0,2024-05-02 09:30:36,2024-05_AB_2491.0_2.0
800.0,78.0,2024-05-02 09:30:27,2024-05_AB_2541.0_2.0
800.0,89.0,2024-05-02 09:28:56,2024-05_AB_2432.0_2.0
1198.0,0.0,2024-05-02 08:53:39,2024-05_AB_2134.0_2.0
200.0,5.0,2024-05-02 08:52:51,2024-05_AB_2324.0_2.0
1422.0,0.0,2024-05-02 08:49:48,2024-05_AB_2527.0_2.0
1000.0,3.0,2024-05-02 08:10:53,2024-05_AB_2564.0_2.0
617.0,0.0,2024-05-02 07:17:13,2024-05_AB_2497.0_2.0
2079.0,0.0,2024-05-02 07:16:33,2024-05_AB_2108.0_2.0
24.0,0.0,2024-05-02 07:09:17,2024-05_AB_2142.0_2.0
2000.0,1.0,2024-05-02 07:06:21,2024-05_AB_2128.0_2.0
211.0,12.0,2024-05-02 07:03:10,2024-05_AB_2384.0_2.0
800.0,95.0,2024-05-02 07:01:55,2024-05_AB_2628.0_2.0
2628.0,71.0,2024-05-02 07:01:08,2024-05_AB_2110.0_2.0
2469.0,75.0,2024-05-02 06:45:04,2024-05_AB_2431.0_2.0
530.0,0.0,2024-05-02 05:32:38,2024-05_AB_2323.0_2.0
1012.0,0.0,2024-05-02 05:06:48,2024-05_AB_2364.0_2.0
1002.0,0.0,2024-05-02 05:05:54,2024-05_AB_2386.0_2.0
1255.0,81.0,2024-05-02 05:05:47,2024-05_AB_2379.0_2.0
3554.0,0.0,2024-05-02 05:05:20,2024-05_AB_2608.0_2.0
54.0,0.0,2024-05-02 05:04:20,2024-05_AB_2465.0_2.0
2529.0,0.0,2024-05-02 05:03:57,2024-05_AB_2451.0_2.0
1048.0,0.0,2024-05-02 05:03:33,2024-05_AB_2173.0_2.0
3000.0,24.0,2024-05-02 04:25:25,2024-05_AB_2503.0_2.0
500.0,75.0,2024-05-02 04:23:02,2024-05_AB_2486.0_2.0
100.0,63.0,2024-05-02 04:20:59,2024-05_AB_2563.0_2.0
500.0,89.0,2024-05-02 04:19:05,2024-05_AB_2394.0_2.0
14.0,0.0,2024-05-02 03:36:06,2024-05_AB_2607.0_2.0
1000.0,38.0,2024-05-02 03:28:31,2024-05_AB_2377.0_2.0
200.0,34.0,2024-05-02 03:27:46,2024-05_AB_2380.0_2.0
1300.0,90.0,2024-05-02 03:21:52,2024-05_AB_2519.0_2.0
1500.0,82.0,2024-05-02 03:15:40,2024-05_AB_2498.0_2.0
2000.0,92.0,2024-05-02 03:15:07,2024-05_AB_2627.0_2.0
800.0,28.0,2024-05-02 02:39:25,2024-05_AB_2572.0_2.0
0.0,26.0,2024-05-02 02:30:24,2024-05_AB_2378.0_2.0
3500.0,79.0,2024-05-02 02:29:51,2024-05_AB_2406.0_2.0
3000.0,94.0,2024-05-02 02:27:23,2024-05_AB_2411.0_2.0
1032.0,0.0,2024-05-02 02:10:43,2024-05_AB_2613.0_2.0
1866.0,0.0,2024-05-02 02:10:13,2024-05_AB_2127.0_2.0
258.0,0.0,2024-05-02 02:09:43,2024-05_AB_2851.0_2.0
874.0,0.0,2024-05-02 02:09:25,2024-05_AB_2463.0_2.0
200.0,36.0,2024-05-02 01:56:58,2024-05_AB_2371.0_2.0
500.0,84.0,2024-05-02 01:54:38,2024-05_AB_2526.0_2.0
500.0,28.0,2024-05-02 01:39:23,2024-05_AB_2562.0_2.0
148.0,0.0,2024-05-02 01:27:28,2024-05_AB_2373.0_2.0
500.0,69.0,2024-05-02 01:01:51,2024-05_AB_2533.0_2.0
3000.0,98.0,2024-05-02 00:59:38,2024-05_AB_2172.0_2.0
932.0,87.0,2024-05-02 00:58:48,2024-05_AB_2462.0_2.0
100.0,22.0,2024-05-02 00:56:56,2024-05_AB_2612.0_2.0
2500.0,6.0,2024-05-02 00:56:00,2024-05_AB_2342.0_2.0
3274.0,0.0,2024-05-02 00:48:42,2024-05_AB_2102.0_2.0
0.0,89.0,2024-05-02 00:47:59,2024-05_AB_2638.0_2.0
457.0,0.0,2024-05-02 00:46:36,2024-05_AB_2492.0_2.0
298.0,0.0,2024-05-02 00:45:48,2024-05_AB_2850.0_2.0
2027.0,0.0,2024-05-02 00:44:36,2024-05_AB_2385.0_2.0
2500.0,12.0,2024-05-02 00:44:30,2024-05_AB_2719.0_2.0
584.0,0.0,2024-05-02 00:43:09,2024-05_AB_2781.0_2.0
300.0,73.0,2024-05-02 00:37:09,2024-05_AB_2372.0_2.0
3000.0,17.0,2024-05-02 00:36:22,2024-05_AB_2625.0_2.0
2200.0,95.0,2024-05-02 00:35:13,2024-05_AB_2518.0_2.0
2800.0,34.0,2024-05-02 00:29:29,2024-05_AB_2524.0_2.0
500.0,43.0,2024-05-01 23:51:18,2024-05_AB_2375.0_2.0
692.0,2.0,2024-05-01 23:49:23,2024-05_AB_2410.0_2.0
1000.0,45.0,2024-05-01 23:48:28,2024-05_AB_2485.0_2.0
2000.0,9.0,2024-05-01 23:47:46,2024-05_AB_2325.0_2.0
500.0,45.0,2024-05-01 23:45:01,2024-05_AB_2109.0_2.0
800.0,764.0,2024-05-01 22:40:27,2024-05_AB_2405.0_2.0
500.0,301.0,2024-05-01 22:39:32,2024-05_AB_2355.0_2.0
1000.0,252.0,2024-05-01 22:35:52,2024-05_AB_2312.0_2.0
300.0,312.0,2024-05-01 22:35:09,2024-05_AB_2421.0_2.0
2000.0,364.0,2024-05-01 22:26:51,2024-05_AB_2736.0_2.0
2500.0,463.0,2024-05-01 19:13:27,2024-05_AB_2561.0_2.0
0.0,287.0,2024-05-01 19:12:14,2024-05_AB_2624.0_2.0
1500.0,279.0,2024-05-01 19:10:59,2024-05_AB_2637.0_2.0
2500.0,294.0,2024-05-01 19:07:50,2024-05_AB_2340.0_2.0
1500.0,263.0,2024-05-01 19:06:43,2024-05_AB_2372.0_1.0
2000.0,392.0,2024-05-01 19:05:24,2024-05_AB_2311.0_1.0
2800.0,141.0,2024-05-01 19:04:41,2024-05_AB_2359.0_1.0
3500.0,367.0,2024-05-01 18:57:51,2024-05_AB_2145.0_2.0
2500.0,259.0,2024-05-01 18:56:58,2024-05_AB_2505.0_2.0
2000.0,63.0,2024-05-01 15:51:34,2024-05_AB_2738.0_1.0
2027.0,0.0,2024-05-01 15:00:45,2024-05_AB_2107.0_1.0
3040.0,0.0,2024-05-01 14:57:16,2024-05_AB_2318.0_1.0
3288.0,0.0,2024-05-01 14:53:15,2024-05_AB_2332.0_1.0
2000.0,84.0,2024-05-01 14:10:51,2024-05_AB_2439.0_2.0
342.0,62.0,2024-05-01 13:16:44,2024-05_AB_2509.0_1.0
1229.0,0.0,2024-05-01 13:07:53,2024-05_AB_2409.0_1.0
2500.0,98.0,2024-05-01 13:03:59,2024-05_AB_2350.0_1.0
4200.0,23.0,2024-05-01 12:59:11,2024-05_AB_2643.0_1.0
800.0,99.0,2024-05-01 12:05:02,2024-05_AB_2366.0_1.0
1500.0,52.0,2024-05-01 12:03:49,2024-05_AB_2125.0_1.0
1500.0,31.0,2024-05-01 12:02:39,2024-05_AB_2341.0_1.0
182.0,0.0,2024-05-01 11:57:30,2024-05_AB_2135.0_1.0
295.0,0.0,2024-05-01 11:54:38,2024-05_AB_2424.0_1.0
300.0,99.0,2024-05-01 11:51:18,2024-05_AB_2551.0_1.0
800.0,69.0,2024-05-01 11:47:18,2024-05_AB_2437.0_1.0
83.0,0.0,2024-05-01 11:45:05,2024-05_AB_2358.0_1.0
200.0,52.0,2024-05-01 11:37:52,2024-05_AB_2397.0_1.0
1500.0,24.0,2024-05-01 11:29:02,2024-05_AB_2367.0_1.0
1500.0,36.0,2024-05-01 11:26:48,2024-05_AB_2146.0_1.0
300.0,12.0,2024-05-01 11:13:36,2024-05_AB_2630.0_1.0
1343.0,0.0,2024-05-01 11:09:16,2024-05_AB_2642.0_1.0
1500.0,28.0,2024-05-01 11:07:19,2024-05_AB_2525.0_1.0
1406.0,58.0,2024-05-01 10:54:53,2024-05_AB_2407.0_1.0
1970.0,0.0,2024-05-01 10:43:30,2024-05_AB_2334.0_1.0
2040.0,77.0,2024-05-01 10:20:18,2024-05_AB_2629.0_1.0
199.0,0.0,2024-05-01 10:05:25,2024-05_AB_1071.0_1.0
2500.0,25.0,2024-05-01 10:03:02,2024-05_AB_2508.0_1.0
1097.0,66.0,2024-05-01 09:58:37,2024-05_AB_2401.0_1.0
1800.0,16.0,2024-05-01 09:38:58,2024-05_AB_2120.0_1.0
2.0,58.0,2024-05-01 09:34:56,2024-05_AB_2491.0_1.0
661.0,0.0,2024-05-01 09:29:16,2024-05_AB_2104.0_1.0
200.0,42.0,2024-05-01 09:28:25,2024-05_AB_2349.0_1.0
500.0,49.0,2024-05-01 09:25:24,2024-05_AB_2550.0_1.0
2000.0,44.0,2024-05-01 09:25:17,2024-05_AB_2376.0_1.0
790.0,54.0,2024-05-01 09:22:47,2024-05_AB_2504.0_1.0
700.0,20.0,2024-05-01 09:15:55,2024-05_AB_2541.0_1.0
559.0,0.0,2024-05-01 09:12:01,2024-05_AB_2510.0_1.0
294.0,0.0,2024-05-01 09:11:13,2024-05_AB_2365.0_1.0
1500.0,52.0,2024-05-01 09:06:48,2024-05_AB_2124.0_1.0
18.0,0.0,2024-05-01 09:02:39,2024-05_AB_2380.0_1.0
204.0,0.0,2024-05-01 09:01:02,2024-05_AB_2324.0_1.0
1482.0,0.0,2024-05-01 08:57:04,2024-05_AB_2134.0_1.0
79.0,0.0,2024-05-01 08:49:42,2024-05_AB_1070.0_1.0
2500.0,18.0,2024-05-01 08:48:26,2024-05_AB_2527.0_1.0
997.0,0.0,2024-05-01 08:24:12,2024-05_AB_2497.0_1.0
800.0,74.0,2024-05-01 08:16:56,2024-05_AB_2432.0_1.0
500.0,67.0,2024-05-01 07:45:15,2024-05_AB_2628.0_1.0
1000.0,93.0,2024-05-01 07:43:05,2024-05_AB_2564.0_1.0
3000.0,80.0,2024-05-01 07:38:54,2024-05_AB_2336.0_1.0
800.0,179.0,2024-05-01 07:37:57,2024-05_AB_2108.0_1.0
100.0,134.0,2024-05-01 07:15:54,2024-05_AB_2384.0_1.0
1500.0,146.0,2024-05-01 06:06:51,2024-05_AB_2110.0_1.0
1000.0,115.0,2024-05-01 05:52:25,2024-05_AB_2377.0_1.0
1000.0,117.0,2024-05-01 05:50:35,2024-05_AB_2486.0_1.0
2000.0,8.0,2024-05-01 05:43:33,2024-05_AB_2128.0_1.0
800.0,89.0,2024-05-01 05:42:53,2024-05_AB_2364.0_1.0
695.0,111.0,2024-05-01 05:38:01,2024-05_AB_2386.0_1.0
891.0,86.0,2024-05-01 05:37:06,2024-05_AB_2173.0_1.0
2500.0,29.0,2024-05-01 05:24:46,2024-05_AB_2608.0_1.0
3000.0,49.0,2024-05-01 05:22:41,2024-05_AB_2503.0_1.0
1800.0,38.0,2024-05-01 05:19:09,2024-05_AB_2127.0_1.0
1900.0,19.0,2024-05-01 05:18:20,2024-05_AB_2323.0_1.0
2500.0,53.0,2024-05-01 05:14:16,2024-05_AB_2451.0_1.0
1941.0,72.0,2024-05-01 05:11:45,2024-05_AB_2431.0_1.0
1500.0,22.0,2024-05-01 04:50:24,2024-05_AB_2498.0_1.0
2302.0,92.0,2024-05-01 04:46:23,2024-05_AB_2627.0_1.0
200.0,12.0,2024-05-01 04:44:58,2024-05_AB_2851.0_1.0
100.0,29.0,2024-05-01 04:38:40,2024-05_AB_2613.0_1.0
700.0,98.0,2024-05-01 03:57:37,2024-05_AB_2563.0_1.0
2000.0,66.0,2024-05-01 03:50:28,2024-05_AB_2385.0_1.0
2500.0,14.0,2024-05-01 03:20:44,2024-05_AB_2572.0_1.0
800.0,94.0,2024-05-01 03:20:09,2024-05_AB_2463.0_1.0
4500.0,105.0,2024-05-01 03:18:21,2024-05_AB_2335.0_1.0
200.0,63.0,2024-05-01 03:17:07,2024-05_AB_2371.0_1.0
300.0,31.0,2024-05-01 03:05:45,2024-05_AB_2519.0_1.0
1000.0,28.0,2024-05-01 01:38:04,2024-05_AB_2729.0_1.0
2500.0,78.0,2024-05-01 01:37:22,2024-05_AB_2411.0_1.0
3000.0,48.0,2024-05-01 01:37:01,2024-05_AB_2406.0_1.0
2500.0,77.0,2024-05-01 01:36:42,2024-05_AB_2172.0_1.0
500.0,65.0,2024-05-01 01:34:18,2024-05_AB_2373.0_1.0
2000.0,40.0,2024-05-01 01:29:49,2024-05_AB_2102.0_1.0
2500.0,29.0,2024-05-01 01:27:26,2024-05_AB_2625.0_1.0
1000.0,53.0,2024-05-01 01:25:15,2024-05_AB_2562.0_1.0
2200.0,16.0,2024-05-01 01:23:04,2024-05_AB_2518.0_1.0
79.0,0.0,2024-05-01 01:19:10,2024-05_AB_2607.0_1.0
1000.0,121.0,2024-05-01 01:17:59,2024-05_AB_7596.0_1.0
1000.0,39.0,2024-05-01 01:16:21,2024-05_AB_2462.0_1.0
1000.0,199.0,2024-05-01 01:15:02,2024-05_AB_2612.0_1.0
500.0,87.0,2024-05-01 01:06:04,2024-05_AB_2492.0_1.0
2500.0,30.0,2024-05-01 01:04:58,2024-05_AB_2342.0_1.0
54.0,0.0,2024-05-01 01:02:50,2024-05_AB_2638.0_1.0
2500.0,76.0,2024-05-01 01:00:47,2024-05_AB_2719.0_1.0
2500.0,47.0,2024-05-01 00:38:19,2024-05_AB_2850.0_1.0
2200.0,79.0,2024-05-01 00:33:29,2024-05_AB_2781.0_1.0
3200.0,8.0,2024-05-01 00:20:17,2024-05_AB_2728.0_1.0
2200.0,1013.0,2024-05-01 00:09:51,2024-05_AB_2405.0_1.0
1500.0,97.0,2024-05-01 00:08:16,2024-05_AB_2375.0_1.0
2800.0,63.0,2024-05-01 00:03:00,2024-05_AB_2410.0_1.0
1500.0,57.0,2024-05-01 00:00:35,2024-05_AB_2485.0_1.0
3000.0,75.0,2024-04-30 23:59:36,2024-05_AB_2325.0_1.0
0.0,348.0,2024-04-30 23:40:32,2024-05_AB_2355.0_1.0
1500.0,197.0,2024-04-30 23:18:39,2024-05_AB_2421.0_1.0
1000.0,369.0,2024-04-30 22:04:39,2024-05_AB_2312.0_1.0
2000.0,226.0,2024-04-30 22:00:16,2024-05_AB_2109.0_1.0
2500.0,223.0,2024-04-30 21:58:40,2024-05_AB_2524.0_1.0
3000.0,334.0,2024-04-30 21:57:27,2024-05_AB_2736.0_1.0
2500.0,153.0,2024-04-30 21:56:24,2024-05_AB_2561.0_1.0
0.0,339.0,2024-04-30 21:55:11,2024-05_AB_2624.0_1.0
1500.0,204.0,2024-04-30 19:39:16,2024-05_AB_2637.0_1.0
3500.0,231.0,2024-04-30 18:43:27,2024-05_AB_2145.0_1.0
2500.0,134.0,2024-04-30 18:38:31,2024-05_AB_2505.0_1.0
3000.0,309.0,2024-04-30 18:37:30,2024-05_AB_2340.0_1.0
2500.0,395.0,2024-04-30 18:36:17,2024-05_AB_2372.0_30.0
3000.0,324.0,2024-04-30 18:35:07,2024-05_AB_2311.0_30.0
3000.0,248.0,2024-04-30 18:34:08,2024-05_AB_2359.0_30.0
2000.0,10.0,2024-04-30 16:05:04,2024-05_AB_2107.0_30.0
2000.0,12.0,2024-04-30 14:34:06,2024-05_AB_2738.0_30.0
3000.0,68.0,2024-04-30 14:33:22,2024-05_AB_2318.0_30.0
2500.0,44.0,2024-04-30 13:43:40,2024-05_AB_2350.0_30.0
500.0,46.0,2024-04-30 13:42:47,2024-05_AB_2509.0_30.0
1500.0,58.0,2024-04-30 13:38:45,2024-05_AB_2409.0_30.0
1999.0,0.0,2024-04-30 13:11:52,2024-05_AB_2439.0_1.0
1200.0,49.0,2024-04-30 11:48:13,2024-05_AB_2369.0_30.0
1500.0,24.0,2024-04-30 11:31:51,2024-05_AB_2367.0_30.0
1500.0,75.0,2024-04-30 11:30:03,2024-05_AB_2125.0_30.0
3500.0,42.0,2024-04-30 11:00:55,2024-05_AB_2332.0_30.0
1500.0,31.0,2024-04-30 10:49:16,2024-05_AB_2341.0_30.0
200.0,52.0,2024-04-30 10:47:25,2024-05_AB_2135.0_30.0
800.0,1304.0,2024-04-30 10:43:43,2024-05_AB_2368.0_30.0
1500.0,23.0,2024-04-30 10:42:15,2024-05_AB_2146.0_30.0
19.0,101.0,2024-04-30 10:39:54,2024-05_AB_2424.0_30.0
34.0,0.0,2024-04-30 10:38:17,2024-05_AB_2358.0_30.0
0.0,17.0,2024-04-30 10:35:00,2024-05_AB_2397.0_30.0
1000.0,38.0,2024-04-30 10:32:30,2024-05_AB_2550.0_30.0
2500.0,32.0,2024-04-30 10:32:14,2024-05_AB_2643.0_30.0
2500.0,88.0,2024-04-30 10:30:15,2024-05_AB_2334.0_30.0
1000.0,49.0,2024-04-30 10:26:17,2024-05_AB_2366.0_30.0
2500.0,58.0,2024-04-30 10:25:58,2024-05_AB_2508.0_30.0
1500.0,40.0,2024-04-30 10:19:50,2024-05_AB_2124.0_30.0
1500.0,12.0,2024-04-30 10:18:15,2024-05_AB_2525.0_30.0
1500.0,40.0,2024-04-30 10:14:33,2024-05_AB_2541.0_30.0
1500.0,23.0,2024-04-30 10:07:40,2024-05_AB_2551.0_30.0
1000.0,49.0,2024-04-30 10:03:01,2024-05_AB_2401.0_30.0
1500.0,47.0,2024-04-30 09:53:18,2024-05_AB_2642.0_30.0
100.0,39.0,2024-04-30 09:52:51,2024-05_AB_2143.0_30.0
0.0,19.0,2024-04-30 09:49:20,2024-05_AB_2630.0_30.0
2000.0,59.0,2024-04-30 09:47:52,2024-05_AB_2376.0_30.0
776.0,0.0,2024-04-30 09:42:08,2024-05_AB_2437.0_30.0
187.0,0.0,2024-04-30 09:40:52,2024-05_AB_2349.0_30.0
2000.0,63.0,2024-04-30 09:39:30,2024-05_AB_2120.0_30.0
50.0,0.0,2024-04-30 09:39:16,2024-05_AB_2491.0_30.0
2508.0,5.0,2024-04-30 09:37:43,2024-05_AB_2407.0_30.0
1200.0,24.0,2024-04-30 09:30:24,2024-05_AB_2504.0_30.0
100.0,69.0,2024-04-30 09:22:29,2024-05_AB_2510.0_30.0
1872.0,32.0,2024-04-30 09:14:27,2024-05_AB_2629.0_30.0
1200.0,31.0,2024-04-30 09:12:58,2024-05_AB_2104.0_30.0
91.0,0.0,2024-04-30 09:09:53,2024-05_AB_2365.0_30.0
1800.0,32.0,2024-04-30 09:01:36,2024-05_AB_2134.0_30.0
1000.0,63.0,2024-04-30 08:58:34,2024-05_AB_2432.0_30.0
200.0,14.0,2024-04-30 08:57:51,2024-05_AB_2324.0_30.0
834.0,90.0,2024-04-30 08:57:35,2024-05_AB_2527.0_30.0
100.0,57.0,2024-04-30 08:15:01,2024-05_AB_2497.0_30.0
2000.0,84.0,2024-04-30 07:45:19,2024-05_AB_2628.0_30.0
174.0,0.0,2024-04-30 07:31:15,2024-05_AB_2108.0_30.0
200.0,53.0,2024-04-30 07:17:01,2024-05_AB_2384.0_30.0
29.0,0.0,2024-04-30 07:09:10,2024-05_AB_2142.0_30.0
648.0,0.0,2024-04-30 06:52:35,2024-05_AB_2386.0_30.0
1232.0,12.0,2024-04-30 06:45:58,2024-05_AB_2431.0_30.0
760.0,0.0,2024-04-30 06:45:47,2024-05_AB_2465.0_30.0
599.0,0.0,2024-04-30 06:43:45,2024-05_AB_2173.0_30.0
2569.0,0.0,2024-04-30 06:11:23,2024-05_AB_2503.0_30.0
800.0,44.0,2024-04-30 05:27:15,2024-05_AB_2323.0_30.0
90.0,0.0,2024-04-30 05:15:26,2024-05_AB_2148.0_30.0
2000.0,52.0,2024-04-30 04:44:29,2024-05_AB_2127.0_30.0
103.0,0.0,2024-04-30 04:34:38,2024-05_AB_2383.0_30.0
2500.0,37.0,2024-04-30 04:11:27,2024-05_AB_2128.0_30.0
1900.0,56.0,2024-04-30 04:10:28,2024-05_AB_2364.0_30.0
2500.0,24.0,2024-04-30 04:09:50,2024-05_AB_2608.0_30.0
1800.0,5.0,2024-04-30 04:07:22,2024-05_AB_2377.0_30.0
200.0,44.0,2024-04-30 04:06:31,2024-05_AB_2380.0_30.0
1500.0,57.0,2024-04-30 04:05:53,2024-05_AB_2498.0_30.0
2000.0,74.0,2024-04-30 04:04:58,2024-05_AB_2627.0_30.0
700.0,66.0,2024-04-30 04:04:17,2024-05_AB_2519.0_30.0
260.0,0.0,2024-05-07 01:03:47,2024-05_MN_1068.0_7.0
192.0,0.0,2024-05-06 21:52:52,2024-05_MN_1106.0_7.0
2100.0,0.0,2024-05-06 20:11:51,2024-05_MN_1124.0_7.0
75.0,0.0,2024-05-06 20:11:22,2024-05_MN_1136.0_7.0
150.0,0.0,2024-05-06 20:10:48,2024-05_MN_1060.0_7.0
75.0,0.0,2024-05-06 20:10:04,2024-05_MN_1088.0_6.0
645.0,0.0,2024-05-06 19:23:57,2024-05_MN_1044.0_6.0
75.0,0.0,2024-05-06 18:40:21,2024-05_MN_1104.0_6.0
75.0,0.0,2024-05-06 18:00:44,2024-05_MN_1034.0_6.0
638.0,0.0,2024-05-06 18:00:15,2024-05_MN_1132.0_6.0
75.0,0.0,2024-05-06 17:59:26,2024-05_MN_1126.0_6.0
65.0,0.0,2024-05-06 16:29:44,2024-05_MN_1114.0_7.0
65.0,0.0,2024-05-06 16:28:14,2024-05_MN_1118.0_7.0
65.0,0.0,2024-05-06 16:26:31,2024-05_MN_1086.0_7.0
65.0,0.0,2024-05-06 16:21:16,2024-05_MN_1134.0_6.0
65.0,0.0,2024-05-06 16:17:43,2024-05_MN_1110.0_6.0
65.0,0.0,2024-05-06 16:16:00,2024-05_MN_1130.0_6.0
65.0,0.0,2024-05-06 16:10:18,2024-05_MN_1100.0_6.0
65.0,0.0,2024-05-06 16:08:47,2024-05_MN_1116.0_6.0
400.0,0.0,2024-05-06 16:05:29,2024-05_MN_1122.0_6.0
2701.0,0.0,2024-05-06 00:19:58,2024-05_MN_1068.0_6.0
2111.0,0.0,2024-05-05 22:07:46,2024-05_MN_1052.0_6.0
75.0,0.0,2024-05-05 21:28:46,2024-05_MN_1124.0_6.0
75.0,0.0,2024-05-05 21:05:25,2024-05_MN_1136.0_6.0
75.0,0.0,2024-05-05 21:04:16,2024-05_MN_1060.0_6.0
500.0,0.0,2024-05-05 21:03:40,2024-05_MN_1106.0_6.0
65.0,0.0,2024-05-05 19:52:36,2024-05_MN_1114.0_6.0
65.0,0.0,2024-05-05 19:51:51,2024-05_MN_1118.0_6.0
65.0,0.0,2024-05-05 19:51:23,2024-05_MN_1086.0_6.0
1544.0,0.0,2024-05-05 19:50:32,2024-05_MN_1120.0_6.0
7251.0,0.0,2024-05-05 18:34:57,2024-05_MN_1122.0_5.0
1800.0,0.0,2024-05-05 18:03:13,2024-05_MN_1044.0_5.0
153.0,0.0,2024-05-05 18:02:48,2024-05_MN_1134.0_5.0
241.0,0.0,2024-05-05 18:02:23,2024-05_MN_1110.0_5.0
75.0,0.0,2024-05-05 18:01:58,2024-05_MN_1030.0_5.0
65.0,0.0,2024-05-05 18:01:30,2024-05_MN_1130.0_5.0
2079.0,0.0,2024-05-05 18:01:01,2024-05_MN_1132.0_5.0
75.0,0.0,2024-05-05 18:00:28,2024-05_MN_1126.0_5.0
65.0,0.0,2024-05-05 17:18:47,2024-05_MN_1100.0_5.0
65.0,0.0,2024-05-05 17:18:20,2024-05_MN_1116.0_5.0
500.0,0.0,2024-05-05 17:16:55,2024-05_MN_1104.0_5.0
5400.0,0.0,2024-05-04 20:53:04,2024-05_MN_1068.0_5.0
6950.0,0.0,2024-05-04 20:52:34,2024-05_MN_1124.0_5.0
75.0,0.0,2024-05-04 20:52:05,2024-05_MN_1136.0_5.0
1000.0,0.0,2024-05-04 20:51:37,2024-05_MN_1106.0_5.0
1300.0,0.0,2024-05-04 20:51:12,2024-05_MN_1060.0_5.0
65.0,0.0,2024-05-04 20:50:43,2024-05_MN_1114.0_5.0
65.0,0.0,2024-05-04 20:50:15,2024-05_MN_1118.0_5.0
3437.0,0.0,2024-05-04 20:28:02,2024-05_MN_1120.0_5.0
75.0,0.0,2024-05-04 20:21:48,2024-05_MN_1088.0_4.0
8753.0,0.0,2024-05-04 18:34:26,2024-05_MN_1126.0_4.0
1000.0,0.0,2024-05-04 18:14:22,2024-05_MN_1044.0_4.0
65.0,0.0,2024-05-04 18:13:54,2024-05_MN_1134.0_4.0
241.0,0.0,2024-05-04 18:13:21,2024-05_MN_1110.0_4.0
65.0,0.0,2024-05-04 18:12:44,2024-05_MN_1130.0_4.0
5939.0,0.0,2024-05-04 18:12:00,2024-05_MN_1034.0_4.0
75.0,0.0,2024-05-04 18:11:27,2024-05_MN_1132.0_4.0
65.0,0.0,2024-05-04 17:27:00,2024-05_MN_1100.0_4.0
65.0,0.0,2024-05-04 17:26:20,2024-05_MN_1116.0_4.0
5500.0,0.0,2024-05-04 16:53:37,2024-05_MN_1104.0_4.0
11000.0,0.0,2024-05-04 16:25:46,2024-05_MN_1122.0_4.0
3859.0,0.0,2024-05-03 22:43:24,2024-05_MN_1052.0_4.0
75.0,0.0,2024-05-03 22:24:01,2024-05_MN_1136.0_4.0
8743.0,0.0,2024-05-03 22:04:54,2024-05_MN_1106.0_4.0
7000.0,0.0,2024-05-03 20:28:06,2024-05_MN_1068.0_4.0
8450.0,0.0,2024-05-03 20:27:20,2024-05_MN_1124.0_4.0
65.0,0.0,2024-05-03 20:26:50,2024-05_MN_1114.0_4.0
65.0,0.0,2024-05-03 20:26:30,2024-05_MN_1118.0_4.0
65.0,0.0,2024-05-03 20:26:11,2024-05_MN_1086.0_4.0
75.0,0.0,2024-05-03 20:25:35,2024-05_MN_1088.0_3.0
10600.0,0.0,2024-05-03 18:43:36,2024-05_MN_1060.0_4.0
153.0,0.0,2024-05-03 18:42:46,2024-05_MN_1134.0_3.0
65.0,0.0,2024-05-03 18:42:29,2024-05_MN_1110.0_3.0
75.0,0.0,2024-05-03 18:42:12,2024-05_MN_1030.0_3.0
65.0,0.0,2024-05-03 18:29:10,2024-05_MN_1130.0_3.0
706.0,0.0,2024-05-03 18:28:48,2024-05_MN_1132.0_3.0
100.0,0.0,2024-05-03 17:05:19,2024-05_MN_1044.0_3.0
7500.0,0.0,2024-05-03 17:04:38,2024-05_MN_1104.0_3.0
607.0,0.0,2024-05-03 17:02:13,2024-05_MN_1126.0_3.0
65.0,0.0,2024-05-03 16:55:07,2024-05_MN_1100.0_3.0
65.0,0.0,2024-05-03 16:54:49,2024-05_MN_1116.0_3.0
7500.0,0.0,2024-05-03 16:54:13,2024-05_MN_1122.0_3.0
