cki_destination,cki_bag_pieces,cki_bag_weight,loadtable_destination,loadtable_bag_pieces,loadtable_bag_weight,combined,timestamp
FCO,79.0,1027.00 KG,,,,2024-05_MN_1402.0_30.0,2024-04-30 04:56:36
NAP,125.0,1625.00 KG,NAP,123.0,1599.00 KG,2024-05_MN_1450.0_30.0,2024-04-30 04:57:06
MAD,77.0,1001.00 KG,MAD,79.0,1027.00 KG,2024-05_MN_1592.0_30.0,2024-04-30 04:58:29
LHR,88.0,1144.00 KG,LHR,86.0,1118.00 KG,2024-05_MN_1152.0_30.0,2024-04-30 05:08:00
FCO,79.0,1027.00 KG,,,,2024-05_MN_1402.0_30.0,2024-04-30 05:10:57
BCN,137.0,1781.00 KG,BCN,136.0,1768.00 KG,2024-05_MN_1562.0_30.0,2024-04-30 05:21:44
DUS,92.0,1196.00 KG,DUS,89.0,1157.00 KG,2024-05_MN_1692.0_30.0,2024-04-30 05:26:53
TLS,78.0,1014.00 KG,TLS,77.0,1001.00 KG,2024-05_MN_1532.0_30.0,2024-04-30 05:38:51
FRA,108.0,1404.00 KG,FRA,100.0,1300.00 KG,2024-05_MN_1650.0_30.0,2024-04-30 05:45:52
LIN,112.0,1456.00 KG,LIN,111.0,1443.00 KG,2024-05_MN_1432.0_30.0,2024-04-30 05:45:48
DBV,146.0,1898.00 KG,DBV,145.0,1885.00 KG,2024-05_MN_1476.0_30.0,2024-04-30 06:00:43
VCE,133.0,1729.00 KG,VCE,128.0,1664.00 KG,2024-05_MN_1422.0_30.0,2024-04-30 06:03:21
VCE,131.0,1703.00 KG,VCE,129.0,1677.00 KG,2024-05_MN_1422.0_30.0,2024-04-30 06:04:25
FAO,111.0,1443.00 KG,FAO,112.0,1456.00 KG,2024-05_MN_1492.0_30.0,2024-04-30 06:08:57
AGP,280.0,3640.00 KG,AGP,277.0,3601.00 KG,2024-05_MN_1580.0_30.0,2024-04-30 06:08:39
BUD,104.0,1352.00 KG,BUD,100.0,1300.00 KG,2024-05_MN_1672.0_30.0,2024-04-30 06:15:03
BUD,104.0,1352.00 KG,BUD,101.0,1313.00 KG,2024-05_MN_1672.0_30.0,2024-04-30 06:31:22
CDG,87.0,1131.00 KG,CDG,86.0,1118.00 KG,2024-05_MN_1522.0_30.0,2024-04-30 06:37:21
CDG,117.0,1521.00 KG,CDG,120.0,1560.00 KG,2024-05_MN_1524.0_30.0,2024-04-30 08:42:57
HAM,92.0,1196.00 KG,HAM,93.0,1209.00 KG,2024-05_MN_1392.0_30.0,2024-04-30 09:05:09
NCE,99.0,1287.00 KG,NCE,90.0,1170.00 KG,2024-05_MN_1544.0_30.0,2024-04-30 09:48:58
NCE,99.0,1287.00 KG,NCE,90.0,1170.00 KG,2024-05_MN_1544.0_30.0,2024-04-30 09:54:02
AGP,179.0,2327.00 KG,AGP,177.0,2301.00 KG,2024-05_MN_1584.0_30.0,2024-04-30 10:26:13
AGP,179.0,2327.00 KG,AGP,178.0,2314.00 KG,2024-05_MN_1584.0_30.0,2024-04-30 10:28:00
ORD,200.0,3000.00 KG,ORD,202.0,3030.00 KG,2024-05_MN_1123.0_30.0,2024-04-30 10:32:26
AGP,179.0,2327.00 KG,AGP,182.0,2366.00 KG,2024-05_MN_1584.0_30.0,2024-04-30 10:35:21
BIO,132.0,1716.00 KG,BIO,131.0,1703.00 KG,2024-05_MN_1748.0_30.0,2024-04-30 10:49:19
IAD,136.0,2040.00 KG,IAD,140.0,2100.00 KG,2024-05_MN_1117.0_30.0,2024-04-30 11:45:13
SFO,184.0,2760.00 KG,SFO,179.0,2685.00 KG,2024-05_MN_1061.0_30.0,2024-04-30 11:36:11
IAD,136.0,2040.00 KG,IAD,133.0,1995.00 KG,2024-05_MN_1117.0_30.0,2024-04-30 11:37:17
CDG,120.0,1560.00 KG,CDG,108.0,1404.00 KG,2024-05_MN_1526.0_30.0,2024-04-30 11:38:07
IAD,136.0,2040.00 KG,IAD,134.0,2010.00 KG,2024-05_MN_1117.0_30.0,2024-04-30 11:46:29
YYZ,206.0,3090.00 KG,YYZ,202.0,3030.00 KG,2024-05_MN_1127.0_30.0,2024-04-30 12:11:33
EWR,134.0,2010.00 KG,EWR,146.0,2190.00 KG,2024-05_MN_1101.0_30.0,2024-04-30 12:07:43
YYZ,206.0,3090.00 KG,YYZ,207.0,3105.00 KG,2024-05_MN_1127.0_30.0,2024-04-30 12:16:03
MCO,222.0,3330.00 KG,MCO,221.0,3315.00 KG,2024-05_MN_1121.0_30.0,2024-04-30 12:41:23
BDL,124.0,1860.00 KG,BDL,123.0,1845.00 KG,2024-05_MN_1131.0_30.0,2024-04-30 12:46:58
ACE,171.0,2223.00 KG,ACE,167.0,2171.00 KG,2024-05_MN_1778.0_30.0,2024-04-30 13:20:04
VRN,109.0,1417.00 KG,VRN,104.0,1352.00 KG,2024-05_MN_1412.0_30.0,2024-04-30 13:20:00
VRN,109.0,1417.00 KG,VRN,106.0,1378.00 KG,2024-05_MN_1412.0_30.0,2024-04-30 13:29:00
TFS,164.0,2132.00 KG,TFS,160.0,2080.00 KG,2024-05_MN_1764.0_30.0,2024-04-30 13:28:37
TFS,164.0,2132.00 KG,TFS,162.0,2106.00 KG,2024-05_MN_1764.0_30.0,2024-04-30 13:40:43
PMI,141.0,1833.00 KG,PMI,137.0,1781.00 KG,2024-05_MN_1736.0_30.0,2024-04-30 14:38:13
FCO,115.0,1495.00 KG,FCO,113.0,1469.00 KG,2024-05_MN_1406.0_30.0,2024-04-30 14:36:31
LAX,182.0,2730.00 KG,LAX,181.0,2715.00 KG,2024-05_MN_1069.0_30.0,2024-04-30 14:36:20
FCO,115.0,1495.00 KG,FCO,113.0,1469.00 KG,2024-05_MN_1406.0_30.0,2024-04-30 14:45:12
PMI,141.0,1833.00 KG,PMI,140.0,1820.00 KG,2024-05_MN_1736.0_30.0,2024-04-30 14:53:51
PMI,141.0,1833.00 KG,PMI,140.0,1820.00 KG,2024-05_MN_1736.0_30.0,2024-04-30 14:53:45
PMI,141.0,1833.00 KG,PMI,143.0,1859.00 KG,2024-05_MN_1736.0_30.0,2024-04-30 14:58:37
PMI,138.0,1794.00 KG,PMI,145.0,1885.00 KG,2024-05_MN_1736.0_30.0,2024-04-30 15:02:11
FRA,92.0,1196.00 KG,FRA,85.0,1105.00 KG,2024-05_MN_1656.0_30.0,2024-04-30 15:09:44
IAD,141.0,2115.00 KG,IAD,140.0,2100.00 KG,2024-05_MN_1119.0_30.0,2024-04-30 15:11:32
AGP,142.0,1846.00 KG,AGP,141.0,1833.00 KG,2024-05_MN_1586.0_30.0,2024-04-30 15:10:54
ORD,174.0,2610.00 KG,ORD,171.0,2565.00 KG,2024-05_MN_1125.0_30.0,2024-04-30 15:22:09
PHL,101.0,1515.00 KG,PHL,104.0,1560.00 KG,2024-05_MN_1115.0_30.0,2024-04-30 15:28:19
JFK,226.0,3390.00 KG,JFK,219.0,3285.00 KG,2024-05_MN_1107.0_30.0,2024-04-30 15:33:57
BER,93.0,1209.00 KG,BER,86.0,1118.00 KG,2024-05_MN_1336.0_30.0,2024-04-30 16:14:49
BRU,115.0,1495.00 KG,BRU,114.0,1482.00 KG,2024-05_MN_1638.0_30.0,2024-04-30 16:46:48
LIS,125.0,1625.00 KG,LIS,122.0,1586.00 KG,2024-05_MN_1486.0_30.0,2024-04-30 17:22:47
LIS,125.0,1625.00 KG,LIS,124.0,1612.00 KG,2024-05_MN_1486.0_30.0,2024-04-30 17:26:38
BCN,115.0,1495.00 KG,BCN,109.0,1417.00 KG,2024-05_MN_1564.0_30.0,2024-04-30 17:44:12
ALC,143.0,1859.00 KG,ALC,145.0,1885.00 KG,2024-05_MN_1574.0_30.0,2024-04-30 18:05:45
DUB,140.0,2100.00 KG,DUB,138.0,2070.00 KG,2024-05_MN_1104.0_30.0,2024-04-30 20:14:56
DUB,155.0,2325.00 KG,DUB,162.0,2430.00 KG,2024-05_MN_1122.0_30.0,2024-04-30 20:25:07
DUB,159.0,2385.00 KG,DUB,160.0,2400.00 KG,2024-05_MN_1132.0_30.0,2024-04-30 21:01:47
DUB,121.0,1815.00 KG,DUB,131.0,1965.00 KG,2024-05_MN_1100.0_30.0,2024-04-30 21:06:55
DUB,203.0,3045.00 KG,DUB,205.0,3075.00 KG,2024-05_MN_1126.0_30.0,2024-04-30 21:09:15
MAN,207.0,3105.00 KG,MAN,210.0,3150.00 KG,2024-05_MN_1034.0_30.0,2024-04-30 21:20:06
DUB,203.0,3045.00 KG,DUB,205.0,3075.00 KG,2024-05_MN_1126.0_30.0,2024-04-30 21:17:47
DUB,203.0,3045.00 KG,DUB,205.0,3075.00 KG,2024-05_MN_1126.0_30.0,2024-04-30 21:21:19
MAN,11044.0,2160.00 KG,MAN,141.0,2115.00 KG,2024-05_MN_1044.0_30.0,2024-04-30 22:13:05
MAN,11044.0,2160.00 KG,MAN,142.0,2130.00 KG,2024-05_MN_1044.0_30.0,2024-04-30 22:20:38
MAN,11044.0,2160.00 KG,MAN,142.0,2130.00 KG,2024-05_MN_1044.0_30.0,2024-04-30 22:26:58
MAN,11044.0,2160.00 KG,MAN,143.0,2145.00 KG,2024-05_MN_1044.0_30.0,2024-04-30 22:27:50
DUB,277.0,4155.00 KG,DUB,284.0,4260.00 KG,2024-05_MN_1120.0_1.0,2024-04-30 23:48:39
DUB,187.0,2805.00 KG,DUB,184.0,2760.00 KG,2024-05_MN_1106.0_1.0,2024-05-01 00:03:11
DUB,136.0,2040.00 KG,DUB,135.0,2025.00 KG,2024-05_MN_1118.0_1.0,2024-05-01 00:21:27
DUB,119.0,1785.00 KG,DUB,121.0,1815.00 KG,2024-05_MN_1136.0_1.0,2024-05-01 00:35:19
DUB,176.0,2640.00 KG,DUB,175.0,2625.00 KG,2024-05_MN_1060.0_1.0,2024-05-01 00:40:16
DUB,119.0,1785.00 KG,DUB,122.0,1830.00 KG,2024-05_MN_1136.0_1.0,2024-05-01 00:41:19
DUB,119.0,1785.00 KG,DUB,123.0,1845.00 KG,2024-05_MN_1136.0_1.0,2024-05-01 00:42:12
DUB,172.0,2580.00 KG,DUB,173.0,2595.00 KG,2024-05_MN_1124.0_1.0,2024-05-01 01:30:09
DUB,197.0,2955.00 KG,DUB,202.0,3030.00 KG,2024-05_MN_1068.0_1.0,2024-05-01 03:04:10
MAD,81.0,1053.00 KG,MAD,79.0,1027.00 KG,2024-05_MN_1592.0_1.0,2024-05-01 04:54:14
LYS,117.0,1521.00 KG,LYS,114.0,1482.00 KG,2024-05_MN_1550.0_1.0,2024-05-01 04:56:54
LYS,117.0,1521.00 KG,LYS,115.0,1495.00 KG,2024-05_MN_1550.0_1.0,2024-05-01 04:59:20
NAP,119.0,1547.00 KG,NAP,126.0,1638.00 KG,2024-05_MN_1450.0_1.0,2024-05-01 05:00:06
LHR,83.0,1079.00 KG,LHR,89.0,1157.00 KG,2024-05_MN_1152.0_1.0,2024-05-01 05:21:03
DUS,82.0,1066.00 KG,DUS,79.0,1027.00 KG,2024-05_MN_1692.0_1.0,2024-05-01 05:35:05
BOD,96.0,1248.00 KG,BOD,98.0,1274.00 KG,2024-05_MN_1506.0_1.0,2024-05-01 05:36:20
VIE,123.0,1599.00 KG,VIE,122.0,1586.00 KG,2024-05_MN_1660.0_1.0,2024-05-01 05:57:53
PRG,95.0,1235.00 KG,PRG,94.0,1222.00 KG,2024-05_MN_1642.0_1.0,2024-05-01 06:19:20
ACE,169.0,2197.00 KG,ACE,162.0,2106.00 KG,2024-05_MN_1776.0_1.0,2024-05-01 06:25:34
ACE,169.0,2197.00 KG,ACE,170.0,2210.00 KG,2024-05_MN_1776.0_1.0,2024-05-01 06:33:36
VCE,150.0,1950.00 KG,VCE,153.0,1989.00 KG,2024-05_MN_1422.0_1.0,2024-05-01 06:32:23
ACE,169.0,2197.00 KG,ACE,171.0,2223.00 KG,2024-05_MN_1776.0_1.0,2024-05-01 06:35:35
AGP,158.0,2054.00 KG,AGP,156.0,2028.00 KG,2024-05_MN_1582.0_1.0,2024-05-01 07:33:43
AGP,286.0,3718.00 KG,AGP,283.0,3679.00 KG,2024-05_MN_1580.0_1.0,2024-05-01 07:41:56
AGP,286.0,3718.00 KG,AGP,285.0,3705.00 KG,2024-05_MN_1580.0_1.0,2024-05-01 07:44:26
LHR,87.0,1131.00 KG,LHR,88.0,1144.00 KG,2024-05_MN_1158.0_1.0,2024-05-01 08:33:13
LHR,87.0,1131.00 KG,LHR,88.0,1144.00 KG,2024-05_MN_1158.0_1.0,2024-05-01 08:42:32
CDG,141.0,1833.00 KG,CDG,140.0,1820.00 KG,2024-05_MN_1524.0_1.0,2024-05-01 08:57:10
HAM,95.0,1235.00 KG,HAM,93.0,1209.00 KG,2024-05_MN_1392.0_1.0,2024-05-01 09:10:02
NCE,112.0,1456.00 KG,NCE,118.0,1534.00 KG,2024-05_MN_1544.0_1.0,2024-05-01 09:54:16
JFK,276.0,4140.00 KG,JFK,277.0,4155.00 KG,2024-05_MN_1105.0_1.0,2024-05-01 10:04:02
ORD,211.0,3165.00 KG,ORD,217.0,3255.00 KG,2024-05_MN_1123.0_1.0,2024-05-01 10:17:41
ORD,211.0,3165.00 KG,ORD,215.0,3225.00 KG,2024-05_MN_1123.0_1.0,2024-05-01 10:21:38
BOS,213.0,3195.00 KG,BOS,211.0,3165.00 KG,2024-05_MN_1133.0_1.0,2024-05-01 10:29:27
FAO,180.0,2340.00 KG,FAO,178.0,2314.00 KG,2024-05_MN_1494.0_1.0,2024-05-01 10:41:26
AGP,163.0,2119.00 KG,AGP,162.0,2106.00 KG,2024-05_MN_1584.0_1.0,2024-05-01 10:44:03
IAD,111.0,1665.00 KG,IAD,116.0,1740.00 KG,2024-05_MN_1117.0_1.0,2024-05-01 11:25:27
EWR,112.0,1680.00 KG,EWR,115.0,1725.00 KG,2024-05_MN_1101.0_1.0,2024-05-01 11:35:22
CDG,113.0,1469.00 KG,CDG,111.0,1443.00 KG,2024-05_MN_1526.0_1.0,2024-05-01 11:37:13
GVA,99.0,1287.00 KG,GVA,97.0,1261.00 KG,2024-05_MN_1684.0_1.0,2024-05-01 11:54:36
BIO,130.0,1690.00 KG,BIO,128.0,1664.00 KG,2024-05_MN_1748.0_1.0,2024-05-01 11:44:04
YYZ,220.0,3300.00 KG,YYZ,216.0,3240.00 KG,2024-05_MN_1127.0_1.0,2024-05-01 12:00:43
AMS,107.0,1391.00 KG,AMS,100.0,1300.00 KG,2024-05_MN_1608.0_1.0,2024-05-01 12:30:19
BDL,100.0,1500.00 KG,BDL,102.0,1530.00 KG,2024-05_MN_1131.0_1.0,2024-05-01 12:53:35
CTA,159.0,2067.00 KG,CTA,160.0,2080.00 KG,2024-05_MN_1462.0_1.0,2024-05-01 12:56:56
JTR,147.0,1911.00 KG,JTR,136.0,1768.00 KG,2024-05_MN_1446.0_1.0,2024-05-01 12:58:03
MSP,93.0,1395.00 KG,MSP,81.0,1215.00 KG,2024-05_MN_1089.0_1.0,2024-05-01 13:10:33
MSP,93.0,1395.00 KG,MSP,78.0,1170.00 KG,2024-05_MN_1089.0_1.0,2024-05-01 13:15:08
ACE,161.0,2093.00 KG,ACE,158.0,2054.00 KG,2024-05_MN_1778.0_1.0,2024-05-01 13:49:19
PGF,99.0,1287.00 KG,PGF,93.0,1209.00 KG,2024-05_MN_1510.0_1.0,2024-05-01 14:00:58
LAX,166.0,2490.00 KG,LAX,176.0,2640.00 KG,2024-05_MN_1069.0_1.0,2024-05-01 14:20:39
CLE,123.0,1845.00 KG,CLE,121.0,1815.00 KG,2024-05_MN_1087.0_1.0,2024-05-01 14:24:32
CLE,123.0,1845.00 KG,CLE,127.0,1905.00 KG,2024-05_MN_1087.0_1.0,2024-05-01 14:28:23
CLE,123.0,1845.00 KG,CLE,135.0,2025.00 KG,2024-05_MN_1087.0_1.0,2024-05-01 14:32:16
FCO,123.0,1599.00 KG,FCO,119.0,1547.00 KG,2024-05_MN_1406.0_1.0,2024-05-01 14:40:14
FCO,123.0,1599.00 KG,FCO,121.0,1573.00 KG,2024-05_MN_1406.0_1.0,2024-05-01 14:41:28
PMI,169.0,2197.00 KG,PMI,167.0,2171.00 KG,2024-05_MN_1736.0_1.0,2024-05-01 15:00:46
IAD,116.0,1740.00 KG,IAD,103.0,1545.00 KG,2024-05_MN_1119.0_1.0,2024-05-01 15:08:33
AGP,156.0,2028.00 KG,AGP,154.0,2002.00 KG,2024-05_MN_1586.0_1.0,2024-05-01 15:11:08
MUC,107.0,1391.00 KG,MUC,109.0,1417.00 KG,2024-05_MN_1356.0_1.0,2024-05-01 15:21:44
ORD,224.0,3360.00 KG,ORD,198.0,2970.00 KG,2024-05_MN_1125.0_1.0,2024-05-01 15:28:17
ORD,224.0,3360.00 KG,ORD,198.0,2970.00 KG,2024-05_MN_1125.0_1.0,2024-05-01 15:31:20
PHL,101.0,1515.00 KG,PHL,89.0,1335.00 KG,2024-05_MN_1115.0_1.0,2024-05-01 15:31:40
FRA,108.0,1404.00 KG,FRA,98.0,1274.00 KG,2024-05_MN_1656.0_1.0,2024-05-01 15:32:55
IAD,112.0,1680.00 KG,IAD,109.0,1635.00 KG,2024-05_MN_1119.0_1.0,2024-05-01 15:32:40
FAO,164.0,2132.00 KG,FAO,149.0,1937.00 KG,2024-05_MN_1496.0_1.0,2024-05-01 15:35:03
JFK,235.0,3525.00 KG,JFK,229.0,3435.00 KG,2024-05_MN_1107.0_1.0,2024-05-01 15:40:06
BOS,136.0,2040.00 KG,BOS,135.0,2025.00 KG,2024-05_MN_1137.0_1.0,2024-05-01 15:51:24
DUS,87.0,1131.00 KG,DUS,86.0,1118.00 KG,2024-05_MN_1698.0_1.0,2024-05-01 16:05:19
BER,79.0,1027.00 KG,BER,78.0,1014.00 KG,2024-05_MN_1336.0_1.0,2024-05-01 16:24:56
BRU,126.0,11638.00 KG,BRU,120.0,1560.00 KG,2024-05_MN_1638.0_1.0,2024-05-01 16:44:55
MXP,107.0,1391.00 KG,MXP,106.0,1378.00 KG,2024-05_MN_1436.0_1.0,2024-05-01 16:51:35
LIS,113.0,1469.00 KG,LIS,112.0,1456.00 KG,2024-05_MN_1486.0_1.0,2024-05-01 17:08:33
LIS,113.0,1469.00 KG,LIS,112.0,1456.00 KG,2024-05_MN_1486.0_1.0,2024-05-01 17:27:41
CDG,105.0,1365.00 KG,CDG,101.0,1313.00 KG,2024-05_MN_1528.0_1.0,2024-05-01 17:34:47
ALC,149.0,1937.00 KG,ALC,150.0,1950.00 KG,2024-05_MN_1574.0_1.0,2024-05-01 17:43:06
DUB,137.0,2055.00 KG,DUB,136.0,2040.00 KG,2024-05_MN_1104.0_1.0,2024-05-01 20:36:14
DUB,148.0,2220.00 KG,DUB,149.0,2235.00 KG,2024-05_MN_1116.0_1.0,2024-05-01 20:50:15
DUB,116.0,1740.00 KG,DUB,122.0,1830.00 KG,2024-05_MN_1100.0_1.0,2024-05-01 20:51:54
DUB,116.0,1740.00 KG,DUB,127.0,1905.00 KG,2024-05_MN_1100.0_1.0,2024-05-01 20:54:15
DUB,216.0,3240.00 KG,DUB,211.0,3165.00 KG,2024-05_MN_1122.0_1.0,2024-05-01 21:09:18
DUB,205.0,3075.00 KG,DUB,206.0,3090.00 KG,2024-05_MN_1132.0_1.0,2024-05-01 21:07:46
DUB,112.0,1680.00 KG,DUB,122.0,1830.00 KG,2024-05_MN_1130.0_1.0,2024-05-01 21:18:20
DUB,195.0,2925.00 KG,DUB,197.0,2955.00 KG,2024-05_MN_1126.0_1.0,2024-05-01 21:35:04
MAN,231.0,3465.00 KG,MAN,229.0,3435.00 KG,2024-05_MN_1030.0_1.0,2024-05-01 21:47:16
SNN,120.0,1800.00 KG,SNN,118.0,1770.00 KG,2024-05_MN_1110.0_1.0,2024-05-01 21:55:08
MAN,147.0,2205.00 KG,MAN,146.0,2190.00 KG,2024-05_MN_1044.0_1.0,2024-05-01 22:41:22
MAN,147.0,2205.00 KG,MAN,145.0,2175.00 KG,2024-05_MN_1044.0_1.0,2024-05-01 22:50:48
DUB,143.0,2145.00 KG,DUB,141.0,2115.00 KG,2024-05_MN_1088.0_1.0,2024-05-01 23:39:04
DUB,148.0,2220.00 KG,DUB,149.0,2235.00 KG,2024-05_MN_1086.0_2.0,2024-05-01 23:57:59
DUB,128.0,1920.00 KG,DUB,125.0,1875.00 KG,2024-05_MN_1114.0_2.0,2024-05-02 00:18:15
DUB,199.0,2985.00 KG,DUB,194.0,2910.00 KG,2024-05_MN_1060.0_2.0,2024-05-02 00:28:16
DUB,128.0,1920.00 KG,DUB,126.0,1890.00 KG,2024-05_MN_1114.0_2.0,2024-05-02 00:36:26
DUB,198.0,2970.00 KG,DUB,196.0,2940.00 KG,2024-05_MN_1106.0_2.0,2024-05-02 00:49:32
DUB,162.0,2430.00 KG,DUB,161.0,2415.00 KG,2024-05_MN_1136.0_2.0,2024-05-02 00:50:56
DUB,126.0,1890.00 KG,DUB,123.0,1845.00 KG,2024-05_MN_1114.0_2.0,2024-05-02 01:11:10
DUB,205.0,3075.00 KG,DUB,208.0,3120.00 KG,2024-05_MN_1052.0_2.0,2024-05-02 01:29:03
DUB,206.0,3090.00 KG,DUB,205.0,3075.00 KG,2024-05_MN_1068.0_2.0,2024-05-02 03:03:53
ATH,106.0,1378.00 KG,ATH,105.0,1365.00 KG,2024-05_MN_1440.0_2.0,2024-05-02 04:30:57
VIE,94.0,1222.00 KG,VIE,93.0,1209.00 KG,2024-05_MN_1660.0_2.0,2024-05-02 04:49:51
NAP,160.0,2080.00 KG,NAP,159.0,2067.00 KG,2024-05_MN_1450.0_2.0,2024-05-02 04:55:26
FCO,93.0,1209.00 KG,FCO,92.0,1196.00 KG,2024-05_MN_1402.0_2.0,2024-05-02 05:03:31
BCN,148.0,1924.00 KG,BCN,147.0,1911.00 KG,2024-05_MN_1562.0_2.0,2024-05-02 05:25:42
CDG,111.0,1443.00 KG,CDG,112.0,1456.00 KG,2024-05_MN_1520.0_2.0,2024-05-02 05:33:12
LIN,150.0,1950.00 KG,LIN,149.0,1937.00 KG,2024-05_MN_1432.0_2.0,2024-05-02 05:36:02
MUC,79.0,1027.00 KG,,,,2024-05_MN_1352.0_2.0,2024-05-02 05:36:56
FRA,84.0,1092.00 KG,FRA,81.0,1053.00 KG,2024-05_MN_1650.0_2.0,2024-05-02 05:45:26
TLS,169.0,2197.00 KG,TLS,166.0,2158.00 KG,2024-05_MN_1532.0_2.0,2024-05-02 05:48:45
BER,100.0,1300.00 KG,BER,98.0,1274.00 KG,2024-05_MN_1332.0_2.0,2024-05-02 05:57:15
AGP,252.0,3276.00 KG,AGP,253.0,3289.00 KG,2024-05_MN_1580.0_2.0,2024-05-02 06:08:15
FAO,301.0,3913.00 KG,FAO,291.0,3783.00 KG,2024-05_MN_1492.0_2.0,2024-05-02 06:13:52
FAO,301.0,3913.00 KG,FAO,292.0,3796.00 KG,2024-05_MN_1492.0_2.0,2024-05-02 06:16:28
PRG,112.0,1456.00 KG,PRG,111.0,1443.00 KG,2024-05_MN_1642.0_2.0,2024-05-02 06:19:31
DBV,115.0,1495.00 KG,DBV,114.0,1482.00 KG,2024-05_MN_1476.0_2.0,2024-05-02 06:19:42
VCE,130.0,1690.00 KG,VCE,117.0,1521.00 KG,2024-05_MN_1422.0_2.0,2024-05-02 06:20:47
LIS,127.0,1651.00 KG,LIS,126.0,1638.00 KG,2024-05_MN_1482.0_2.0,2024-05-02 06:27:57
VCE,129.0,1677.00 KG,VCE,116.0,1508.00 KG,2024-05_MN_1422.0_2.0,2024-05-02 06:32:52
BUD,113.0,1469.00 KG,BUD,114.0,1482.00 KG,2024-05_MN_1672.0_2.0,2024-05-02 06:39:28
NAP,160.0,2080.00 KG,NAP,159.0,2067.00 KG,2024-05_MN_1450.0_2.0,2024-05-02 07:31:25
AMS,88.0,1144.00 KG,AMS,77.0,1001.00 KG,2024-05_MN_1604.0_2.0,2024-05-02 08:49:19
AGP,146.0,1898.00 KG,AGP,148.0,1924.00 KG,2024-05_MN_1582.0_2.0,2024-05-02 08:48:01
HAM,80.0,1040.00 KG,,,,2024-05_MN_1392.0_2.0,2024-05-02 08:48:58
JFK,246.0,3690.00 KG,JFK,224.0,3360.00 KG,2024-05_MN_1105.0_2.0,2024-05-02 09:35:59
JFK,235.0,3525.00 KG,JFK,233.0,3495.00 KG,2024-05_MN_1105.0_2.0,2024-05-02 09:49:45
NCE,88.0,1144.00 KG,NCE,85.0,1105.00 KG,2024-05_MN_1544.0_2.0,2024-05-02 09:52:46
ORD,279.0,4185.00 KG,ORD,281.0,4215.00 KG,2024-05_MN_1123.0_2.0,2024-05-02 10:16:43
AGP,154.0,2002.00 KG,AGP,150.0,1950.00 KG,2024-05_MN_1584.0_2.0,2024-05-02 10:40:56
AGP,154.0,2002.00 KG,AGP,151.0,1963.00 KG,2024-05_MN_1584.0_2.0,2024-05-02 10:42:28
BOS,189.0,2835.00 KG,BOS,190.0,2850.00 KG,2024-05_MN_1133.0_2.0,2024-05-02 10:50:31
MRS,87.0,1131.00 KG,MRS,85.0,1105.00 KG,2024-05_MN_1514.0_2.0,2024-05-02 11:24:39
LHR,83.0,1079.00 KG,LHR,80.0,1040.00 KG,2024-05_MN_1160.0_2.0,2024-05-02 11:23:47
SFO,157.0,2355.00 KG,SFO,152.0,2280.00 KG,2024-05_MN_1061.0_2.0,2024-05-02 11:32:17
IAD,113.0,1695.00 KG,IAD,115.0,1725.00 KG,2024-05_MN_1117.0_2.0,2024-05-02 11:32:16
CDG,129.0,1677.00 KG,CDG,120.0,1560.00 KG,2024-05_MN_1526.0_2.0,2024-05-02 11:41:21
CDG,129.0,1677.00 KG,CDG,127.0,1651.00 KG,2024-05_MN_1526.0_2.0,2024-05-02 11:47:09
EWR,142.0,2130.00 KG,EWR,134.0,2010.00 KG,2024-05_MN_1101.0_2.0,2024-05-02 12:08:44
EWR,142.0,2130.00 KG,EWR,137.0,2055.00 KG,2024-05_MN_1101.0_2.0,2024-05-02 12:11:05
EWR,142.0,2130.00 KG,EWR,138.0,2070.00 KG,2024-05_MN_1101.0_2.0,2024-05-02 12:13:08
BDL,80.0,1200.00 KG,BDL,82.0,1230.00 KG,2024-05_MN_1131.0_2.0,2024-05-02 12:54:52
MAN,83.0,1079.00 KG,MAN,95.0,1235.00 KG,2024-05_MN_1208.0_2.0,2024-05-02 12:58:55
MAN,83.0,1079.00 KG,MAN,82.0,1066.00 KG,2024-05_MN_1208.0_2.0,2024-05-02 12:59:40
ACE,166.0,2158.00 KG,ACE,157.0,2041.00 KG,2024-05_MN_1778.0_2.0,2024-05-02 13:08:04
LHR,84.0,1092.00 KG,,,,2024-05_MN_1168.0_2.0,2024-05-02 13:14:53
VRN,138.0,1794.00 KG,VRN,139.0,1807.00 KG,2024-05_MN_1412.0_2.0,2024-05-02 13:58:53
LAX,160.0,2400.00 KG,LAX,150.0,2250.00 KG,2024-05_MN_1069.0_2.0,2024-05-02 14:08:14
LPA,131.0,1703.00 KG,LPA,130.0,1690.00 KG,2024-05_MN_1782.0_2.0,2024-05-02 14:12:39
LHR,84.0,1092.00 KG,LHR,83.0,1079.00 KG,2024-05_MN_1174.0_2.0,2024-05-02 14:35:16
ADB,150.0,1950.00 KG,ADB,145.0,1885.00 KG,2024-05_MN_1798.0_2.0,2024-05-02 14:40:58
FCO,150.0,1950.00 KG,FCO,141.0,1833.00 KG,2024-05_MN_1406.0_2.0,2024-05-02 14:49:56
FCO,150.0,1950.00 KG,FCO,142.0,1846.00 KG,2024-05_MN_1406.0_2.0,2024-05-02 15:00:19
FCO,150.0,1950.00 KG,FCO,143.0,1859.00 KG,2024-05_MN_1406.0_2.0,2024-05-02 15:02:03
PHL,92.0,1380.00 KG,PHL,93.0,1395.00 KG,2024-05_MN_1115.0_2.0,2024-05-02 15:08:30
PMI,163.0,2119.00 KG,PMI,159.0,2067.00 KG,2024-05_MN_1736.0_2.0,2024-05-02 15:10:54
JFK,174.0,2610.00 KG,JFK,177.0,2655.00 KG,2024-05_MN_1107.0_2.0,2024-05-02 15:17:53
AGP,130.0,1690.00 KG,AGP,124.0,1612.00 KG,2024-05_MN_1586.0_2.0,2024-05-02 15:34:49
AGP,130.0,1690.00 KG,AGP,125.0,1625.00 KG,2024-05_MN_1586.0_2.0,2024-05-02 15:35:58
IAD,120.0,1800.00 KG,IAD,113.0,1695.00 KG,2024-05_MN_1119.0_2.0,2024-05-02 15:53:30
AMS,99.0,1287.00 KG,AMS,90.0,1170.00 KG,2024-05_MN_1610.0_2.0,2024-05-02 16:33:48
AMS,99.0,1287.00 KG,AMS,93.0,1209.00 KG,2024-05_MN_1610.0_2.0,2024-05-02 16:46:35
ADB,150.0,1950.00 KG,ADB,145.0,1885.00 KG,2024-05_MN_1798.0_2.0,2024-05-02 17:07:58
SPU,151.0,1963.00 KG,SPU,152.0,1976.00 KG,2024-05_MN_1470.0_2.0,2024-05-02 17:40:56
BRU,111.0,1443.00 KG,BRU,110.0,1430.00 KG,2024-05_MN_1638.0_2.0,2024-05-02 17:58:18
ALC,128.0,1664.00 KG,ALC,125.0,1625.00 KG,2024-05_MN_1574.0_2.0,2024-05-02 18:16:39
ALC,128.0,1664.00 KG,ALC,123.0,1599.00 KG,2024-05_MN_1574.0_2.0,2024-05-02 18:16:19
LHR,77.0,1001.00 KG,,,,2024-05_MN_1184.0_2.0,2024-05-02 19:11:29
DUB,151.0,2265.00 KG,DUB,156.0,2340.00 KG,2024-05_MN_1122.0_2.0,2024-05-02 20:33:47
DUB,108.0,1620.00 KG,DUB,118.0,1770.00 KG,2024-05_MN_1100.0_2.0,2024-05-02 20:56:32
DUB,179.0,2685.00 KG,DUB,183.0,2745.00 KG,2024-05_MN_1126.0_2.0,2024-05-02 20:55:43
DUB,157.0,2355.00 KG,DUB,156.0,2340.00 KG,2024-05_MN_1116.0_2.0,2024-05-02 20:56:07
DUB,206.0,3090.00 KG,DUB,207.0,3105.00 KG,2024-05_MN_1132.0_2.0,2024-05-02 21:10:46
MAN,161.0,2415.00 KG,MAN,168.0,2520.00 KG,2024-05_MN_1034.0_2.0,2024-05-02 21:15:59
DUB,131.0,1965.00 KG,DUB,132.0,1980.00 KG,2024-05_MN_1130.0_2.0,2024-05-02 21:24:55
SNN,113.0,1695.00 KG,SNN,111.0,1665.00 KG,2024-05_MN_1110.0_2.0,2024-05-02 21:53:30
SNN,167.0,2505.00 KG,SNN,158.0,2370.00 KG,2024-05_MN_1134.0_2.0,2024-05-02 22:12:42
MAN,135.0,2025.00 KG,MAN,134.0,2010.00 KG,2024-05_MN_1044.0_2.0,2024-05-02 22:37:25
DUB,298.0,4470.00 KG,DUB,306.0,4590.00 KG,2024-05_MN_1120.0_3.0,2024-05-02 23:46:02
DUB,103.0,1545.00 KG,DUB,102.0,1530.00 KG,2024-05_MN_1114.0_3.0,2024-05-03 00:23:01
DUB,208.0,3120.00 KG,DUB,209.0,3135.00 KG,2024-05_MN_1136.0_3.0,2024-05-03 00:55:19
DUB,171.0,2565.00 KG,DUB,157.0,2355.00 KG,2024-05_MN_1060.0_3.0,2024-05-03 01:05:14
DUB,141.0,2115.00 KG,DUB,140.0,2100.00 KG,2024-05_MN_1124.0_3.0,2024-05-03 01:42:34
DUB,153.0,2295.00 KG,DUB,158.0,2370.00 KG,2024-05_MN_1068.0_3.0,2024-05-03 02:55:51
FCO,136.0,1768.00 KG,FCO,125.0,1625.00 KG,2024-05_MN_1402.0_3.0,2024-05-03 04:34:11
ATH,117.0,1521.00 KG,ATH,116.0,1508.00 KG,2024-05_MN_1440.0_3.0,2024-05-03 04:37:16
PSA,125.0,1625.00 KG,PSA,119.0,1547.00 KG,2024-05_MN_1428.0_3.0,2024-05-03 04:43:40
PSA,125.0,1625.00 KG,PSA,119.0,1547.00 KG,2024-05_MN_1428.0_3.0,2024-05-03 04:43:34
LYS,78.0,1014.00 KG,LYS,77.0,1001.00 KG,2024-05_MN_1550.0_3.0,2024-05-03 04:51:38
NAP,79.0,1027.00 KG,,,,2024-05_MN_1450.0_3.0,2024-05-03 04:53:59
FCO,136.0,1768.00 KG,FCO,130.0,1690.00 KG,2024-05_MN_1402.0_3.0,2024-05-03 04:54:47
NAP,92.0,1196.00 KG,,,,2024-05_MN_1450.0_3.0,2024-05-03 04:58:58
BHX,114.0,1482.00 KG,BHX,111.0,1443.00 KG,2024-05_MN_1262.0_3.0,2024-05-03 04:59:41
AMS,92.0,1196.00 KG,AMS,96.0,1248.00 KG,2024-05_MN_1602.0_3.0,2024-05-03 05:04:24
MAD,131.0,1703.00 KG,MAD,133.0,1729.00 KG,2024-05_MN_1592.0_3.0,2024-05-03 05:08:13
MAN,87.0,1131.00 KG,MAN,91.0,1183.00 KG,2024-05_MN_1202.0_3.0,2024-05-03 05:15:27
BER,78.0,1014.00 KG,,,,2024-05_MN_1332.0_3.0,2024-05-03 05:17:06
CDG,141.0,1833.00 KG,CDG,139.0,1807.00 KG,2024-05_MN_1520.0_3.0,2024-05-03 05:21:09
MUC,114.0,1482.00 KG,MUC,111.0,1443.00 KG,2024-05_MN_1352.0_3.0,2024-05-03 05:36:31
LHR,108.0,1404.00 KG,LHR,111.0,1443.00 KG,2024-05_MN_1152.0_3.0,2024-05-03 05:23:52
CDG,141.0,1833.00 KG,CDG,140.0,1820.00 KG,2024-05_MN_1520.0_3.0,2024-05-03 05:28:02
LHR,108.0,1404.00 KG,LHR,113.0,1469.00 KG,2024-05_MN_1152.0_3.0,2024-05-03 05:29:46
BCN,149.0,1937.00 KG,BCN,148.0,1924.00 KG,2024-05_MN_1562.0_3.0,2024-05-03 05:31:16
DUS,95.0,1235.00 KG,DUS,93.0,1209.00 KG,2024-05_MN_1692.0_3.0,2024-05-03 05:36:37
FRA,126.0,1638.00 KG,FRA,124.0,1612.00 KG,2024-05_MN_1650.0_3.0,2024-05-03 05:42:28
ACE,151.0,1963.00 KG,ACE,149.0,1937.00 KG,2024-05_MN_1776.0_3.0,2024-05-03 05:50:57
AGP,303.0,3939.00 KG,AGP,296.0,3848.00 KG,2024-05_MN_1580.0_3.0,2024-05-03 05:52:55
NAP,130.0,1690.00 KG,NAP,126.0,1638.00 KG,2024-05_MN_1450.0_3.0,2024-05-03 05:58:58
PRG,88.0,1144.00 KG,PRG,86.0,1118.00 KG,2024-05_MN_1642.0_3.0,2024-05-03 06:04:58
VIE,95.0,1235.00 KG,VIE,96.0,1248.00 KG,2024-05_MN_1660.0_3.0,2024-05-03 06:05:34
NAP,130.0,1690.00 KG,NAP,129.0,1677.00 KG,2024-05_MN_1450.0_3.0,2024-05-03 06:12:48
DBV,142.0,1846.00 KG,DBV,140.0,1820.00 KG,2024-05_MN_1476.0_3.0,2024-05-03 06:15:33
DBV,142.0,1846.00 KG,DBV,140.0,1820.00 KG,2024-05_MN_1476.0_3.0,2024-05-03 06:15:43
FAO,280.0,3640.00 KG,FAO,274.0,3562.00 KG,2024-05_MN_1492.0_3.0,2024-05-03 06:16:34
FAO,280.0,3640.00 KG,FAO,274.0,3562.00 KG,2024-05_MN_1492.0_3.0,2024-05-03 06:16:43
LHR,97.0,1261.00 KG,LHR,84.0,1092.00 KG,2024-05_MN_1154.0_3.0,2024-05-03 06:16:47
PRG,88.0,1144.00 KG,PRG,89.0,1157.00 KG,2024-05_MN_1642.0_3.0,2024-05-03 06:19:19
VCE,169.0,2197.00 KG,VCE,167.0,2171.00 KG,2024-05_MN_1422.0_3.0,2024-05-03 06:34:33
VCE,169.0,2197.00 KG,VCE,167.0,2171.00 KG,2024-05_MN_1422.0_3.0,2024-05-03 06:34:41
AGP,164.0,2132.00 KG,AGP,156.0,2028.00 KG,2024-05_MN_1582.0_3.0,2024-05-03 07:25:39
LHR,113.0,1469.00 KG,LHR,114.0,1482.00 KG,2024-05_MN_1156.0_3.0,2024-05-03 07:35:34
LHR,100.0,1300.00 KG,LHR,99.0,1287.00 KG,2024-05_MN_1158.0_3.0,2024-05-03 08:30:08
AMS,116.0,1508.00 KG,AMS,117.0,1521.00 KG,2024-05_MN_1604.0_3.0,2024-05-03 08:47:14
HAM,96.0,1248.00 KG,HAM,98.0,1274.00 KG,2024-05_MN_1392.0_3.0,2024-05-03 09:04:04
NCE,119.0,1547.00 KG,NCE,110.0,1430.00 KG,2024-05_MN_1544.0_3.0,2024-05-03 09:26:53
NCE,119.0,1547.00 KG,NCE,113.0,1469.00 KG,2024-05_MN_1544.0_3.0,2024-05-03 09:43:33
JFK,212.0,3180.00 KG,JFK,214.0,3210.00 KG,2024-05_MN_1105.0_3.0,2024-05-03 09:45:50
LHR,117.0,1521.00 KG,LHR,108.0,1404.00 KG,2024-05_MN_1162.0_3.0,2024-05-03 09:50:54
JFK,212.0,3180.00 KG,JFK,215.0,3225.00 KG,2024-05_MN_1105.0_3.0,2024-05-03 09:54:43
LHR,117.0,1521.00 KG,LHR,114.0,1482.00 KG,2024-05_MN_1162.0_3.0,2024-05-03 09:55:44
ORD,211.0,3165.00 KG,ORD,209.0,3135.00 KG,2024-05_MN_1123.0_3.0,2024-05-03 10:02:42
AGP,158.0,2054.00 KG,AGP,157.0,2041.00 KG,2024-05_MN_1584.0_3.0,2024-05-03 10:24:59
BOS,198.0,2970.00 KG,BOS,189.0,2835.00 KG,2024-05_MN_1133.0_3.0,2024-05-03 10:23:55
BOS,198.0,2970.00 KG,BOS,192.0,2880.00 KG,2024-05_MN_1133.0_3.0,2024-05-03 10:27:27
LHR,106.0,1378.00 KG,LHR,109.0,1417.00 KG,2024-05_MN_1164.0_3.0,2024-05-03 10:51:08
LHR,101.0,1313.00 KG,LHR,97.0,1261.00 KG,2024-05_MN_1160.0_3.0,2024-05-03 11:16:14
SFO,183.0,2745.00 KG,SFO,176.0,2640.00 KG,2024-05_MN_1061.0_3.0,2024-05-03 11:21:44
SFO,183.0,2745.00 KG,SFO,177.0,2655.00 KG,2024-05_MN_1061.0_3.0,2024-05-03 11:25:30
BIO,120.0,1560.00 KG,BIO,119.0,1547.00 KG,2024-05_MN_1748.0_3.0,2024-05-03 11:33:13
SFO,183.0,2745.00 KG,SFO,178.0,2670.00 KG,2024-05_MN_1061.0_3.0,2024-05-03 11:33:28
MAN,141.0,1833.00 KG,MAN,129.0,1677.00 KG,2024-05_MN_1208.0_3.0,2024-05-03 11:45:59
CDG,122.0,1586.00 KG,CDG,123.0,1599.00 KG,2024-05_MN_1526.0_3.0,2024-05-03 11:47:08
SCQ,127.0,1651.00 KG,SCQ,124.0,1612.00 KG,2024-05_MN_1742.0_3.0,2024-05-03 11:51:58
GVA,97.0,1261.00 KG,GVA,95.0,1235.00 KG,2024-05_MN_1684.0_3.0,2024-05-03 11:57:31
EWR,125.0,1875.00 KG,EWR,147.0,2205.00 KG,2024-05_MN_1101.0_3.0,2024-05-03 11:55:58
NTE,87.0,1131.00 KG,NTE,86.0,1118.00 KG,2024-05_MN_1538.0_3.0,2024-05-03 12:01:32
GVA,97.0,1261.00 KG,GVA,98.0,1274.00 KG,2024-05_MN_1684.0_3.0,2024-05-03 12:07:49
AMS,110.0,1430.00 KG,AMS,113.0,1469.00 KG,2024-05_MN_1608.0_3.0,2024-05-03 12:21:15
LHR,109.0,1417.00 KG,LHR,94.0,1222.00 KG,2024-05_MN_1166.0_3.0,2024-05-03 12:09:10
YYZ,244.0,3660.00 KG,YYZ,252.0,3780.00 KG,2024-05_MN_1127.0_3.0,2024-05-03 12:09:30
YYZ,244.0,3660.00 KG,YYZ,253.0,3795.00 KG,2024-05_MN_1127.0_3.0,2024-05-03 12:12:22
AMS,110.0,1430.00 KG,AMS,115.0,1495.00 KG,2024-05_MN_1608.0_3.0,2024-05-03 12:32:38
CTA,156.0,2028.00 KG,CTA,152.0,1976.00 KG,2024-05_MN_1462.0_3.0,2024-05-03 12:49:26
BDL,83.0,1245.00 KG,BDL,116.0,1740.00 KG,2024-05_MN_1131.0_3.0,2024-05-03 12:51:47
BRU,120.0,1560.00 KG,BRU,118.0,1534.00 KG,2024-05_MN_1634.0_3.0,2024-05-03 12:54:15
BRU,120.0,1560.00 KG,BRU,119.0,1547.00 KG,2024-05_MN_1634.0_3.0,2024-05-03 12:57:14
BDL,83.0,1245.00 KG,BDL,88.0,1320.00 KG,2024-05_MN_1131.0_3.0,2024-05-03 12:59:07
ACE,139.0,1807.00 KG,ACE,138.0,1794.00 KG,2024-05_MN_1778.0_3.0,2024-05-03 13:21:29
LPA,144.0,1872.00 KG,LPA,135.0,1755.00 KG,2024-05_MN_1782.0_3.0,2024-05-03 13:25:21
LHR,92.0,1196.00 KG,LHR,86.0,1118.00 KG,2024-05_MN_1168.0_3.0,2024-05-03 13:41:08
SEA,242.0,3630.00 KG,SEA,231.0,3465.00 KG,2024-05_MN_1053.0_3.0,2024-05-03 13:50:10
TFS,163.0,2119.00 KG,TFS,164.0,2132.00 KG,2024-05_MN_1764.0_3.0,2024-05-03 13:54:26
LAX,146.0,2190.00 KG,LAX,144.0,2160.00 KG,2024-05_MN_1069.0_3.0,2024-05-03 14:05:48
FCO,138.0,1794.00 KG,FCO,135.0,1755.00 KG,2024-05_MN_1406.0_3.0,2024-05-03 14:28:12
CLE,121.0,1815.00 KG,CLE,124.0,1860.00 KG,2024-05_MN_1087.0_3.0,2024-05-03 14:40:47
LHR,102.0,1326.00 KG,LHR,101.0,1313.00 KG,2024-05_MN_1174.0_3.0,2024-05-03 14:41:34
LHR,102.0,1326.00 KG,LHR,101.0,1313.00 KG,2024-05_MN_1174.0_3.0,2024-05-03 14:41:38
AGP,143.0,1859.00 KG,AGP,141.0,1833.00 KG,2024-05_MN_1586.0_3.0,2024-05-03 14:58:51
MUC,140.0,1820.00 KG,MUC,135.0,1755.00 KG,2024-05_MN_1356.0_3.0,2024-05-03 14:59:49
FAO,135.0,1755.00 KG,FAO,134.0,1742.00 KG,2024-05_MN_1496.0_3.0,2024-05-03 15:13:53
ORD,213.0,3195.00 KG,ORD,211.0,3165.00 KG,2024-05_MN_1125.0_3.0,2024-05-03 15:19:06
IAD,178.0,2670.00 KG,IAD,176.0,2640.00 KG,2024-05_MN_1119.0_3.0,2024-05-03 15:23:52
FRA,127.0,1651.00 KG,FRA,128.0,1664.00 KG,2024-05_MN_1656.0_3.0,2024-05-03 15:25:43
BOS,138.0,2070.00 KG,BOS,136.0,2040.00 KG,2024-05_MN_1137.0_3.0,2024-05-03 15:25:47
IAD,178.0,2670.00 KG,IAD,179.0,2685.00 KG,2024-05_MN_1119.0_3.0,2024-05-03 15:29:30
PHL,84.0,1260.00 KG,PHL,85.0,1275.00 KG,2024-05_MN_1115.0_3.0,2024-05-03 15:32:02
JFK,170.0,2550.00 KG,JFK,169.0,2535.00 KG,2024-05_MN_1107.0_3.0,2024-05-03 15:41:43
DUS,113.0,1469.00 KG,DUS,99.0,1287.00 KG,2024-05_MN_1698.0_3.0,2024-05-03 15:57:15
DUS,113.0,1469.00 KG,DUS,100.0,1300.00 KG,2024-05_MN_1698.0_3.0,2024-05-03 15:58:39
LHR,92.0,1196.00 KG,LHR,91.0,1183.00 KG,2024-05_MN_1176.0_3.0,2024-05-03 15:59:54
BER,80.0,1040.00 KG,BER,78.0,1014.00 KG,2024-05_MN_1336.0_3.0,2024-05-03 16:11:49
BRU,104.0,1352.00 KG,BRU,97.0,1261.00 KG,2024-05_MN_1638.0_3.0,2024-05-03 16:31:27
MXP,114.0,1482.00 KG,MXP,112.0,1456.00 KG,2024-05_MN_1436.0_3.0,2024-05-03 16:42:58
CDG,92.0,1196.00 KG,CDG,78.0,1014.00 KG,2024-05_MN_1528.0_3.0,2024-05-03 17:05:43
AMS,83.0,1079.00 KG,AMS,82.0,1066.00 KG,2024-05_MN_1610.0_3.0,2024-05-03 17:09:21
LIS,115.0,1495.00 KG,LIS,108.0,1404.00 KG,2024-05_MN_1486.0_3.0,2024-05-03 17:09:23
CDG,92.0,1196.00 KG,CDG,87.0,1131.00 KG,2024-05_MN_1528.0_3.0,2024-05-03 17:21:08
LHR,102.0,1326.00 KG,LHR,91.0,1183.00 KG,2024-05_MN_1178.0_3.0,2024-05-03 17:30:04
BCN,129.0,1677.00 KG,BCN,116.0,1508.00 KG,2024-05_MN_1564.0_3.0,2024-05-03 17:40:30
PMI,172.0,2236.00 KG,PMI,165.0,2145.00 KG,2024-05_MN_1738.0_3.0,2024-05-03 17:45:07
FAO,149.0,1937.00 KG,FAO,144.0,1872.00 KG,2024-05_MN_1498.0_3.0,2024-05-03 17:51:38
BHX,104.0,1352.00 KG,BHX,96.0,1248.00 KG,2024-05_MN_1276.0_3.0,2024-05-03 18:01:49
LHR,116.0,1508.00 KG,LHR,108.0,1404.00 KG,2024-05_MN_1182.0_3.0,2024-05-03 18:19:19
LHR,101.0,1313.00 KG,LHR,92.0,1196.00 KG,2024-05_MN_1184.0_3.0,2024-05-03 19:07:32
DUB,142.0,2130.00 KG,DUB,139.0,2085.00 KG,2024-05_MN_1104.0_3.0,2024-05-03 20:19:14
DUB,249.0,3735.00 KG,DUB,227.0,3405.00 KG,2024-05_MN_1122.0_3.0,2024-05-03 20:40:06
DUB,136.0,2040.00 KG,DUB,139.0,2085.00 KG,2024-05_MN_1100.0_3.0,2024-05-03 20:53:55
DUB,205.0,3075.00 KG,DUB,203.0,3045.00 KG,2024-05_MN_1126.0_3.0,2024-05-03 21:03:58
DUB,225.0,3375.00 KG,DUB,226.0,3390.00 KG,2024-05_MN_1132.0_3.0,2024-05-03 21:05:22
DUB,105.0,1575.00 KG,DUB,104.0,1560.00 KG,2024-05_MN_1130.0_3.0,2024-05-03 21:22:23
MAN,195.0,2925.00 KG,MAN,190.0,2850.00 KG,2024-05_MN_1030.0_3.0,2024-05-03 21:46:38
MAN,195.0,2925.00 KG,MAN,202.0,10301030.00 KG,2024-05_MN_1030.0_3.0,2024-05-03 21:51:51
SNN,137.0,2055.00 KG,SNN,141.0,2115.00 KG,2024-05_MN_1134.0_3.0,2024-05-03 21:54:36
DUB,147.0,2205.00 KG,DUB,145.0,2175.00 KG,2024-05_MN_1088.0_3.0,2024-05-03 23:31:39
DUB,141.0,2115.00 KG,DUB,144.0,2160.00 KG,2024-05_MN_1086.0_4.0,2024-05-04 00:19:21
DUB,141.0,2115.00 KG,DUB,145.0,2175.00 KG,2024-05_MN_1086.0_4.0,2024-05-04 00:23:01
DUB,100.0,1500.00 KG,DUB,102.0,1530.00 KG,2024-05_MN_1114.0_4.0,2024-05-04 00:28:29
DUB,215.0,3225.00 KG,DUB,214.0,3210.00 KG,2024-05_MN_1060.0_4.0,2024-05-04 00:34:20
DUB,99.0,1485.00 KG,DUB,101.0,1515.00 KG,2024-05_MN_1114.0_4.0,2024-05-04 00:39:48
DUB,187.0,2805.00 KG,DUB,184.0,2760.00 KG,2024-05_MN_1106.0_4.0,2024-05-04 00:43:18
DUB,100.0,1500.00 KG,DUB,102.0,1530.00 KG,2024-05_MN_1114.0_4.0,2024-05-04 00:45:29
DUB,203.0,3045.00 KG,DUB,204.0,3060.00 KG,2024-05_MN_1136.0_4.0,2024-05-04 00:50:20
DUB,220.0,3300.00 KG,DUB,217.0,3255.00 KG,2024-05_MN_1124.0_4.0,2024-05-04 01:48:17
DUB,196.0,2940.00 KG,DUB,197.0,2955.00 KG,2024-05_MN_1068.0_4.0,2024-05-04 02:54:12
FCO,141.0,1833.00 KG,FCO,122.0,1586.00 KG,2024-05_MN_1402.0_4.0,2024-05-04 04:46:31
BOD,152.0,1976.00 KG,BOD,151.0,1963.00 KG,2024-05_MN_1506.0_4.0,2024-05-04 04:47:08
NAP,110.0,1430.00 KG,NAP,106.0,1378.00 KG,2024-05_MN_1450.0_4.0,2024-05-04 04:52:31
FCO,141.0,1833.00 KG,FCO,128.0,1664.00 KG,2024-05_MN_1402.0_4.0,2024-05-04 04:52:23
MAD,101.0,1313.00 KG,MAD,99.0,1287.00 KG,2024-05_MN_1592.0_4.0,2024-05-04 04:54:08
FCO,141.0,1833.00 KG,FCO,139.0,1807.00 KG,2024-05_MN_1402.0_4.0,2024-05-04 05:01:09
MAD,99.0,1287.00 KG,MAD,100.0,1300.00 KG,2024-05_MN_1592.0_4.0,2024-05-04 05:01:56
AMS,99.0,1287.00 KG,AMS,100.0,1300.00 KG,2024-05_MN_1602.0_4.0,2024-05-04 05:03:29
CDG,105.0,1365.00 KG,CDG,103.0,1339.00 KG,2024-05_MN_1520.0_4.0,2024-05-04 05:14:11
MAN,81.0,1053.00 KG,MAN,80.0,1040.00 KG,2024-05_MN_1202.0_4.0,2024-05-04 05:19:12
FRA,92.0,1196.00 KG,FRA,91.0,1183.00 KG,2024-05_MN_1650.0_4.0,2024-05-04 05:24:45
BER,103.0,1339.00 KG,BER,102.0,1326.00 KG,2024-05_MN_1332.0_4.0,2024-05-04 05:25:16
DUS,85.0,1105.00 KG,DUS,84.0,1092.00 KG,2024-05_MN_1692.0_4.0,2024-05-04 05:28:41
LIN,125.0,1625.00 KG,LIN,123.0,1599.00 KG,2024-05_MN_1432.0_4.0,2024-05-04 05:35:55
TFS,165.0,2145.00 KG,TFS,159.0,2067.00 KG,2024-05_MN_1762.0_4.0,2024-05-04 05:31:34
BCN,183.0,2379.00 KG,BCN,182.0,2366.00 KG,2024-05_MN_1562.0_4.0,2024-05-04 05:37:29
ZRH,92.0,1196.00 KG,ZRH,91.0,1183.00 KG,2024-05_MN_1342.0_4.0,2024-05-04 05:41:07
TFS,165.0,2145.00 KG,TFS,161.0,2093.00 KG,2024-05_MN_1762.0_4.0,2024-05-04 05:52:14
AGP,301.0,3913.00 KG,AGP,297.0,3861.00 KG,2024-05_MN_1580.0_4.0,2024-05-04 05:56:32
AGP,301.0,3913.00 KG,AGP,298.0,3874.00 KG,2024-05_MN_1580.0_4.0,2024-05-04 05:59:29
AGP,301.0,3913.00 KG,AGP,299.0,3887.00 KG,2024-05_MN_1580.0_4.0,2024-05-04 06:00:15
ACE,148.0,1924.00 KG,ACE,147.0,1911.00 KG,2024-05_MN_1776.0_4.0,2024-05-04 06:02:41
DBV,133.0,1729.00 KG,DBV,134.0,1742.00 KG,2024-05_MN_1476.0_4.0,2024-05-04 06:16:19
DBV,133.0,1729.00 KG,DBV,135.0,1755.00 KG,2024-05_MN_1476.0_4.0,2024-05-04 06:17:06
FAO,296.0,3848.00 KG,FAO,287.0,3731.00 KG,2024-05_MN_1492.0_4.0,2024-05-04 06:21:27
LIS,128.0,1664.00 KG,LIS,129.0,1677.00 KG,2024-05_MN_1482.0_4.0,2024-05-04 06:30:58
VCE,141.0,1833.00 KG,VCE,138.0,1794.00 KG,2024-05_MN_1422.0_4.0,2024-05-04 06:32:05
BUD,131.0,1703.00 KG,BUD,134.0,1742.00 KG,2024-05_MN_1672.0_4.0,2024-05-04 06:33:54
LHR,110.0,1430.00 KG,LHR,103.0,1339.00 KG,2024-05_MN_1156.0_4.0,2024-05-04 07:28:53
LHR,111.0,1443.00 KG,LHR,95.0,1235.00 KG,2024-05_MN_1158.0_4.0,2024-05-04 08:24:23
LHR,111.0,1443.00 KG,LHR,96.0,1248.00 KG,2024-05_MN_1158.0_4.0,2024-05-04 08:26:17
AMS,145.0,1885.00 KG,AMS,148.0,1924.00 KG,2024-05_MN_1604.0_4.0,2024-05-04 08:44:19
LHR,111.0,1443.00 KG,LHR,94.0,1222.00 KG,2024-05_MN_1158.0_4.0,2024-05-04 08:41:29
CDG,147.0,1911.00 KG,CDG,146.0,1898.00 KG,2024-05_MN_1524.0_4.0,2024-05-04 08:42:25
LHR,111.0,1443.00 KG,LHR,98.0,1274.00 KG,2024-05_MN_1158.0_4.0,2024-05-04 08:56:35
NCE,144.0,1872.00 KG,NCE,143.0,1859.00 KG,2024-05_MN_1544.0_4.0,2024-05-04 09:29:57
LHR,125.0,11625.00 KG,LHR,118.0,1534.00 KG,2024-05_MN_1162.0_4.0,2024-05-04 09:50:47
JFK,214.0,3210.00 KG,JFK,209.0,3135.00 KG,2024-05_MN_1105.0_4.0,2024-05-04 09:53:15
LHR,125.0,11625.00 KG,LHR,119.0,1547.00 KG,2024-05_MN_1162.0_4.0,2024-05-04 09:52:56
LHR,133.0,1729.00 KG,LHR,112.0,1456.00 KG,2024-05_MN_1164.0_4.0,2024-05-04 10:36:17
JFK,214.0,3210.00 KG,JFK,209.0,3135.00 KG,2024-05_MN_1105.0_4.0,2024-05-04 09:53:59
ORD,187.0,2805.00 KG,ORD,182.0,2730.00 KG,2024-05_MN_1123.0_4.0,2024-05-04 10:16:40
VRN,166.0,2158.00 KG,VRN,163.0,2119.00 KG,2024-05_MN_1412.0_4.0,2024-05-04 10:19:13
VRN,166.0,2158.00 KG,VRN,165.0,2145.00 KG,2024-05_MN_1412.0_4.0,2024-05-04 10:21:05
FAO,153.0,1989.00 KG,FAO,150.0,1950.00 KG,2024-05_MN_1494.0_4.0,2024-05-04 10:30:27
BOS,203.0,3045.00 KG,BOS,202.0,3030.00 KG,2024-05_MN_1133.0_4.0,2024-05-04 10:37:08
AGP,175.0,2275.00 KG,AGP,164.0,2132.00 KG,2024-05_MN_1584.0_4.0,2024-05-04 10:53:06
NTE,98.0,1274.00 KG,NTE,93.0,1209.00 KG,2024-05_MN_1538.0_4.0,2024-05-04 10:57:38
AGP,165.0,2145.00 KG,AGP,164.0,2132.00 KG,2024-05_MN_1584.0_4.0,2024-05-04 11:10:58
BIO,130.0,1690.00 KG,BIO,125.0,1625.00 KG,2024-05_MN_1748.0_4.0,2024-05-04 11:37:47
BIO,130.0,1690.00 KG,BIO,126.0,1638.00 KG,2024-05_MN_1748.0_4.0,2024-05-04 11:39:48
MRS,143.0,1859.00 KG,MRS,115.0,1495.00 KG,2024-05_MN_1514.0_4.0,2024-05-04 11:39:44
LYS,102.0,1326.00 KG,LYS,99.0,1287.00 KG,2024-05_MN_1552.0_4.0,2024-05-04 11:43:01
IAD,145.0,2175.00 KG,IAD,162.0,2430.00 KG,2024-05_MN_1117.0_4.0,2024-05-04 11:44:38
IAD,145.0,2175.00 KG,IAD,162.0,2430.00 KG,2024-05_MN_1117.0_4.0,2024-05-04 11:44:57
CDG,125.0,1625.00 KG,CDG,123.0,1599.00 KG,2024-05_MN_1526.0_4.0,2024-05-04 11:47:20
EWR,159.0,2385.00 KG,EWR,158.0,2370.00 KG,2024-05_MN_1101.0_4.0,2024-05-04 11:52:25
IAD,145.0,2175.00 KG,IAD,162.0,2430.00 KG,2024-05_MN_1117.0_4.0,2024-05-04 11:58:10
YYZ,217.0,3255.00 KG,YYZ,208.0,3120.00 KG,2024-05_MN_1127.0_4.0,2024-05-04 11:59:53
EWR,159.0,2385.00 KG,EWR,160.0,2400.00 KG,2024-05_MN_1101.0_4.0,2024-05-04 12:01:33
EWR,159.0,2385.00 KG,EWR,160.0,2400.00 KG,2024-05_MN_1101.0_4.0,2024-05-04 12:01:39
DLM,168.0,2184.00 KG,DLM,167.0,2171.00 KG,2024-05_MN_1790.0_4.0,2024-05-04 12:12:24
LHR,119.0,1547.00 KG,LHR,116.0,1508.00 KG,2024-05_MN_1166.0_4.0,2024-05-04 12:17:58
JTR,151.0,1963.00 KG,JTR,148.0,1924.00 KG,2024-05_MN_1446.0_4.0,2024-05-04 13:00:41
BDL,115.0,1725.00 KG,BDL,114.0,1710.00 KG,2024-05_MN_1131.0_4.0,2024-05-04 12:43:07
BDL,115.0,1725.00 KG,BDL,114.0,1710.00 KG,2024-05_MN_1131.0_4.0,2024-05-04 12:44:11
MCO,296.0,4440.00 KG,MCO,293.0,4395.00 KG,2024-05_MN_1121.0_4.0,2024-05-04 12:45:20
JTR,151.0,1963.00 KG,JTR,148.0,1924.00 KG,2024-05_MN_1446.0_4.0,2024-05-04 13:00:37
LHR,91.0,1183.00 KG,LHR,90.0,1170.00 KG,2024-05_MN_1168.0_4.0,2024-05-04 13:05:18
MSP,75.0,1125.00 KG,MSP,81.0,1215.00 KG,2024-05_MN_1089.0_4.0,2024-05-04 13:14:07
PGF,114.0,1482.00 KG,PGF,110.0,1430.00 KG,2024-05_MN_1510.0_4.0,2024-05-04 13:22:12
TFS,150.0,1950.00 KG,TFS,149.0,1937.00 KG,2024-05_MN_1764.0_4.0,2024-05-04 13:42:43
LPA,138.0,1794.00 KG,LPA,135.0,1755.00 KG,2024-05_MN_1782.0_4.0,2024-05-04 13:47:24
LAX,209.0,3135.00 KG,LAX,205.0,3075.00 KG,2024-05_MN_1069.0_4.0,2024-05-04 14:00:11
LAX,209.0,3135.00 KG,LAX,200.0,3000.00 KG,2024-05_MN_1069.0_4.0,2024-05-04 13:49:48
LAX,209.0,3135.00 KG,LAX,203.0,3045.00 KG,2024-05_MN_1069.0_4.0,2024-05-04 13:57:24
ADB,154.0,2002.00 KG,ADB,149.0,1937.00 KG,2024-05_MN_1798.0_4.0,2024-05-04 14:06:12
ADB,154.0,2002.00 KG,ADB,151.0,1963.00 KG,2024-05_MN_1798.0_4.0,2024-05-04 14:09:29
KGS,192.0,2496.00 KG,KGS,187.0,2431.00 KG,2024-05_MN_1438.0_4.0,2024-05-04 14:17:36
KGS,192.0,2496.00 KG,KGS,191.0,2483.00 KG,2024-05_MN_1438.0_4.0,2024-05-04 14:24:38
KGS,192.0,2496.00 KG,KGS,193.0,2509.00 KG,2024-05_MN_1438.0_4.0,2024-05-04 14:26:45
FCO,129.0,1677.00 KG,FCO,122.0,1586.00 KG,2024-05_MN_1406.0_4.0,2024-05-04 14:28:20
LHR,103.0,1339.00 KG,LHR,99.0,1287.00 KG,2024-05_MN_1174.0_4.0,2024-05-04 14:35:12
IAD,149.0,2235.00 KG,IAD,154.0,2310.00 KG,2024-05_MN_1119.0_4.0,2024-05-04 15:01:20
PHL,103.0,1545.00 KG,PHL,106.0,1590.00 KG,2024-05_MN_1115.0_4.0,2024-05-04 15:02:29
BOJ,159.0,2067.00 KG,BOJ,164.0,2132.00 KG,2024-05_MN_1376.0_4.0,2024-05-04 15:08:53
ORD,177.0,2655.00 KG,ORD,180.0,2700.00 KG,2024-05_MN_1125.0_4.0,2024-05-04 15:12:06
ORD,177.0,2655.00 KG,ORD,181.0,2715.00 KG,2024-05_MN_1125.0_4.0,2024-05-04 15:17:44
JFK,191.0,2865.00 KG,JFK,192.0,2880.00 KG,2024-05_MN_1107.0_4.0,2024-05-04 15:22:14
BOS,242.0,3630.00 KG,BOS,240.0,3600.00 KG,2024-05_MN_1137.0_4.0,2024-05-04 15:22:27
BOS,242.0,3630.00 KG,BOS,241.0,3615.00 KG,2024-05_MN_1137.0_4.0,2024-05-04 15:23:04
ORD,175.0,2625.00 KG,ORD,179.0,2685.00 KG,2024-05_MN_1125.0_4.0,2024-05-04 15:30:15
CFU,167.0,2171.00 KG,CFU,163.0,2119.00 KG,2024-05_MN_1444.0_4.0,2024-05-04 15:54:32
FAO,160.0,2080.00 KG,FAO,156.0,2028.00 KG,2024-05_MN_1496.0_4.0,2024-05-04 16:14:55
DUS,162.0,2106.00 KG,DUS,161.0,2093.00 KG,2024-05_MN_1698.0_4.0,2024-05-04 16:15:55
BER,106.0,1378.00 KG,BER,103.0,1339.00 KG,2024-05_MN_1336.0_4.0,2024-05-04 16:28:54
AGP,151.0,1963.00 KG,AGP,149.0,1937.00 KG,2024-05_MN_1586.0_4.0,2024-05-04 16:32:12
CDG,107.0,1391.00 KG,CDG,102.0,1326.00 KG,2024-05_MN_1528.0_4.0,2024-05-04 16:48:46
AMS,88.0,1144.00 KG,AMS,77.0,1001.00 KG,2024-05_MN_1610.0_4.0,2024-05-04 17:10:06
AMS,88.0,1144.00 KG,AMS,78.0,1014.00 KG,2024-05_MN_1610.0_4.0,2024-05-04 17:12:57
OLB,151.0,1963.00 KG,OLB,147.0,1911.00 KG,2024-05_MN_1466.0_4.0,2024-05-04 17:17:12
BCN,144.0,1872.00 KG,BCN,146.0,1898.00 KG,2024-05_MN_1564.0_4.0,2024-05-04 17:39:26
PMI,169.0,2197.00 KG,PMI,155.0,2015.00 KG,2024-05_MN_1738.0_4.0,2024-05-04 17:42:07
PMI,169.0,2197.00 KG,PMI,156.0,2028.00 KG,2024-05_MN_1738.0_4.0,2024-05-04 17:43:05
PMI,169.0,2197.00 KG,PMI,158.0,2054.00 KG,2024-05_MN_1738.0_4.0,2024-05-04 17:43:58
ALC,142.0,1846.00 KG,ALC,139.0,1807.00 KG,2024-05_MN_1574.0_4.0,2024-05-04 17:49:39
PMI,169.0,2197.00 KG,PMI,160.0,2080.00 KG,2024-05_MN_1738.0_4.0,2024-05-04 17:47:41
ALC,142.0,1846.00 KG,ALC,140.0,1820.00 KG,2024-05_MN_1574.0_4.0,2024-05-04 17:54:00
VCE,100.0,1300.00 KG,VCE,103.0,1339.00 KG,2024-05_MN_1424.0_4.0,2024-05-04 17:55:04
DUB,179.0,2685.00 KG,DUB,178.0,2670.00 KG,2024-05_MN_1104.0_4.0,2024-05-04 20:18:07
DUB,147.0,2205.00 KG,DUB,167.0,2505.00 KG,2024-05_MN_1122.0_4.0,2024-05-04 20:31:03
DUB,125.0,1875.00 KG,DUB,133.0,1995.00 KG,2024-05_MN_1100.0_4.0,2024-05-04 20:45:49
DUB,193.0,2895.00 KG,DUB,192.0,2880.00 KG,2024-05_MN_1126.0_4.0,2024-05-04 21:14:46
MAN,200.0,3000.00 KG,MAN,204.0,3060.00 KG,2024-05_MN_1034.0_4.0,2024-05-04 21:16:54
DUB,102.0,1530.00 KG,DUB,107.0,1605.00 KG,2024-05_MN_1130.0_4.0,2024-05-04 21:25:55
SNN,100.0,1500.00 KG,SNN,99.0,1485.00 KG,2024-05_MN_1110.0_4.0,2024-05-04 21:49:54
SNN,92.0,1380.00 KG,SNN,89.0,1335.00 KG,2024-05_MN_1134.0_4.0,2024-05-04 22:05:47
MAN,113.0,1695.00 KG,MAN,112.0,1680.00 KG,2024-05_MN_1044.0_4.0,2024-05-04 22:31:44
DUB,310.0,4650.00 KG,DUB,316.0,4740.00 KG,2024-05_MN_1120.0_5.0,2024-05-04 23:44:18
DUB,99.0,1485.00 KG,DUB,98.0,1470.00 KG,2024-05_MN_1114.0_5.0,2024-05-05 00:00:01
DUB,149.0,2235.00 KG,DUB,147.0,2205.00 KG,2024-05_MN_1106.0_5.0,2024-05-05 00:30:40
DUB,149.0,2235.00 KG,DUB,147.0,2205.00 KG,2024-05_MN_1106.0_5.0,2024-05-05 00:31:47
DUB,190.0,2850.00 KG,DUB,186.0,2790.00 KG,2024-05_MN_1060.0_5.0,2024-05-05 00:33:35
DUB,168.0,2520.00 KG,DUB,166.0,2490.00 KG,2024-05_MN_1136.0_5.0,2024-05-05 00:58:59
DUB,127.0,1905.00 KG,DUB,126.0,1890.00 KG,2024-05_MN_1124.0_5.0,2024-05-05 01:37:29
AMS,142.0,1846.00 KG,AMS,139.0,1807.00 KG,2024-05_MN_1602.0_5.0,2024-05-05 04:55:21
AMS,142.0,1846.00 KG,AMS,138.0,1794.00 KG,2024-05_MN_1602.0_5.0,2024-05-05 04:50:41
NAP,121.0,1573.00 KG,NAP,118.0,1534.00 KG,2024-05_MN_1450.0_5.0,2024-05-05 04:53:58
NAP,121.0,1573.00 KG,NAP,120.0,1560.00 KG,2024-05_MN_1450.0_5.0,2024-05-05 05:01:28
FCO,171.0,2223.00 KG,FCO,169.0,2197.00 KG,2024-05_MN_1402.0_5.0,2024-05-05 05:03:45
LHR,87.0,1131.00 KG,LHR,88.0,1144.00 KG,2024-05_MN_1152.0_5.0,2024-05-05 05:05:58
BER,88.0,1144.00 KG,BER,85.0,1105.00 KG,2024-05_MN_1332.0_5.0,2024-05-05 05:19:22
PRG,94.0,1222.00 KG,PRG,92.0,1196.00 KG,2024-05_MN_1642.0_5.0,2024-05-05 05:20:14
MAN,85.0,1105.00 KG,MAN,86.0,1118.00 KG,2024-05_MN_1202.0_5.0,2024-05-05 05:20:30
CDG,131.0,1703.00 KG,CDG,128.0,1664.00 KG,2024-05_MN_1520.0_5.0,2024-05-05 05:20:59
LIN,143.0,1859.00 KG,LIN,142.0,1846.00 KG,2024-05_MN_1432.0_5.0,2024-05-05 05:34:31
BCN,161.0,2093.00 KG,BCN,166.0,2158.00 KG,2024-05_MN_1562.0_5.0,2024-05-05 05:32:17
FRA,106.0,1378.00 KG,FRA,104.0,1352.00 KG,2024-05_MN_1650.0_5.0,2024-05-05 05:35:31
LIS,124.0,1612.00 KG,LIS,121.0,1573.00 KG,2024-05_MN_1482.0_5.0,2024-05-05 05:48:19
LIS,124.0,1612.00 KG,LIS,122.0,1586.00 KG,2024-05_MN_1482.0_5.0,2024-05-05 05:49:56
LHR,88.0,1144.00 KG,LHR,85.0,1105.00 KG,2024-05_MN_1154.0_5.0,2024-05-05 05:58:23
MUC,102.0,1326.00 KG,MUC,99.0,1287.00 KG,2024-05_MN_1352.0_5.0,2024-05-05 05:59:58
VIE,106.0,1378.00 KG,VIE,105.0,1365.00 KG,2024-05_MN_1660.0_5.0,2024-05-05 06:03:22
ACE,170.0,2210.00 KG,ACE,163.0,2119.00 KG,2024-05_MN_1776.0_5.0,2024-05-05 06:04:10
FAO,252.0,3276.00 KG,FAO,251.0,3263.00 KG,2024-05_MN_1492.0_5.0,2024-05-05 06:07:12
AGP,278.0,3614.00 KG,AGP,280.0,3640.00 KG,2024-05_MN_1580.0_5.0,2024-05-05 06:08:49
AGP,278.0,3614.00 KG,AGP,281.0,3653.00 KG,2024-05_MN_1580.0_5.0,2024-05-05 06:12:06
DBV,145.0,1885.00 KG,DBV,134.0,1742.00 KG,2024-05_MN_1476.0_5.0,2024-05-05 06:13:24
DBV,145.0,1885.00 KG,DBV,140.0,1820.00 KG,2024-05_MN_1476.0_5.0,2024-05-05 06:17:25
TFS,161.0,2093.00 KG,TFS,157.0,2041.00 KG,2024-05_MN_1762.0_5.0,2024-05-05 06:21:12
FCO,171.0,2223.00 KG,FCO,169.0,2197.00 KG,2024-05_MN_1402.0_5.0,2024-05-05 06:42:27
LHR,103.0,1339.00 KG,LHR,102.0,1326.00 KG,2024-05_MN_1156.0_5.0,2024-05-05 07:44:16
BOS,177.0,2655.00 KG,BOS,175.0,2625.00 KG,2024-05_MN_1133.0_5.0,2024-05-05 10:19:26
LHR,114.0,1482.00 KG,LHR,117.0,1521.00 KG,2024-05_MN_1162.0_5.0,2024-05-05 10:19:40
FAO,149.0,1937.00 KG,FAO,142.0,1846.00 KG,2024-05_MN_1494.0_5.0,2024-05-05 10:27:24
AGP,154.0,2002.00 KG,AGP,146.0,1898.00 KG,2024-05_MN_1584.0_5.0,2024-05-05 10:31:22
BIO,126.0,1638.00 KG,BIO,128.0,1664.00 KG,2024-05_MN_1748.0_5.0,2024-05-05 10:43:30
BIO,126.0,1638.00 KG,BIO,129.0,1677.00 KG,2024-05_MN_1748.0_5.0,2024-05-05 10:46:09
LHR,81.0,1053.00 KG,LHR,79.0,1027.00 KG,2024-05_MN_1164.0_5.0,2024-05-05 10:49:25
LYS,92.0,1196.00 KG,LYS,84.0,1092.00 KG,2024-05_MN_1552.0_5.0,2024-05-05 11:25:51
SFO,208.0,3120.00 KG,SFO,202.0,3030.00 KG,2024-05_MN_1061.0_5.0,2024-05-05 11:18:29
SFO,208.0,3120.00 KG,SFO,206.0,3090.00 KG,2024-05_MN_1061.0_5.0,2024-05-05 11:23:23
SFO,208.0,3120.00 KG,SFO,209.0,3135.00 KG,2024-05_MN_1061.0_5.0,2024-05-05 11:25:52
LYS,92.0,1196.00 KG,LYS,85.0,1105.00 KG,2024-05_MN_1552.0_5.0,2024-05-05 11:30:15
IAD,164.0,2460.00 KG,IAD,170.0,2550.00 KG,2024-05_MN_1117.0_5.0,2024-05-05 11:35:10
NTE,87.0,1131.00 KG,NTE,89.0,1157.00 KG,2024-05_MN_1538.0_5.0,2024-05-05 11:56:54
LHR,88.0,1144.00 KG,LHR,83.0,1079.00 KG,2024-05_MN_1166.0_5.0,2024-05-05 12:05:25
LHR,88.0,1144.00 KG,LHR,85.0,1105.00 KG,2024-05_MN_1166.0_5.0,2024-05-05 12:07:47
YYZ,197.0,2955.00 KG,YYZ,200.0,3000.00 KG,2024-05_MN_1127.0_5.0,2024-05-05 12:06:42
SCQ,103.0,1339.00 KG,SCQ,101.0,1313.00 KG,2024-05_MN_1742.0_5.0,2024-05-05 12:08:14
AMS,133.0,1729.00 KG,AMS,125.0,1625.00 KG,2024-05_MN_1608.0_5.0,2024-05-05 12:24:45
MCO,202.0,3030.00 KG,MCO,206.0,3090.00 KG,2024-05_MN_1121.0_5.0,2024-05-05 12:34:40
BOD,86.0,1118.00 KG,BOD,84.0,1092.00 KG,2024-05_MN_1506.0_5.0,2024-05-05 12:50:38
BDL,95.0,1425.00 KG,BDL,87.0,1305.00 KG,2024-05_MN_1131.0_5.0,2024-05-05 12:42:30
LHR,79.0,1027.00 KG,LHR,80.0,1040.00 KG,2024-05_MN_1168.0_5.0,2024-05-05 13:04:09
ACE,159.0,2067.00 KG,ACE,158.0,2054.00 KG,2024-05_MN_1778.0_5.0,2024-05-05 13:13:52
PGF,116.0,1508.00 KG,PGF,115.0,1495.00 KG,2024-05_MN_1510.0_5.0,2024-05-05 13:22:02
LHR,80.0,1040.00 KG,LHR,81.0,1053.00 KG,2024-05_MN_1168.0_5.0,2024-05-05 13:20:50
SEA,217.0,3255.00 KG,SEA,213.0,3195.00 KG,2024-05_MN_1053.0_5.0,2024-05-05 14:05:26
LAX,158.0,2370.00 KG,LAX,156.0,2340.00 KG,2024-05_MN_1069.0_5.0,2024-05-05 14:10:32
ADB,158.0,2054.00 KG,ADB,153.0,1989.00 KG,2024-05_MN_1798.0_5.0,2024-05-05 14:11:30
LAX,158.0,2370.00 KG,LAX,156.0,2340.00 KG,2024-05_MN_1069.0_5.0,2024-05-05 14:10:41
ADB,158.0,2054.00 KG,ADB,157.0,2041.00 KG,2024-05_MN_1798.0_5.0,2024-05-05 14:16:48
CLE,155.0,2325.00 KG,CLE,153.0,2295.00 KG,2024-05_MN_1087.0_5.0,2024-05-05 14:24:49
FCO,100.0,1300.00 KG,FCO,101.0,1313.00 KG,2024-05_MN_1406.0_5.0,2024-05-05 14:36:03
ORD,156.0,2340.00 KG,ORD,147.0,2205.00 KG,2024-05_MN_1125.0_5.0,2024-05-05 15:08:09
PMI,156.0,2028.00 KG,PMI,153.0,1989.00 KG,2024-05_MN_1736.0_5.0,2024-05-05 15:02:02
IAD,139.0,2085.00 KG,IAD,138.0,2070.00 KG,2024-05_MN_1119.0_5.0,2024-05-05 15:13:34
MUC,125.0,1625.00 KG,MUC,122.0,1586.00 KG,2024-05_MN_1356.0_5.0,2024-05-05 15:15:12
ORD,156.0,2340.00 KG,ORD,151.0,2265.00 KG,2024-05_MN_1125.0_5.0,2024-05-05 15:18:07
PHL,111.0,1665.00 KG,PHL,109.0,1635.00 KG,2024-05_MN_1115.0_5.0,2024-05-05 15:19:51
FRA,94.0,1222.00 KG,FRA,91.0,1183.00 KG,2024-05_MN_1656.0_5.0,2024-05-05 15:23:26
JFK,170.0,2550.00 KG,JFK,173.0,2595.00 KG,2024-05_MN_1107.0_5.0,2024-05-05 15:25:39
BOS,231.0,3465.00 KG,BOS,230.0,3450.00 KG,2024-05_MN_1137.0_5.0,2024-05-05 15:26:46
ZRH,95.0,1235.00 KG,ZRH,94.0,1222.00 KG,2024-05_MN_1348.0_5.0,2024-05-05 15:40:40
DUS,126.0,1638.00 KG,DUS,124.0,1612.00 KG,2024-05_MN_1698.0_5.0,2024-05-05 16:05:20
FAO,134.0,1742.00 KG,FAO,131.0,1703.00 KG,2024-05_MN_1496.0_5.0,2024-05-05 16:10:41
BER,116.0,1508.00 KG,BER,115.0,1495.00 KG,2024-05_MN_1336.0_5.0,2024-05-05 16:25:07
BRU,108.0,1404.00 KG,BRU,106.0,1378.00 KG,2024-05_MN_1638.0_5.0,2024-05-05 16:47:22
AMS,93.0,1209.00 KG,AMS,91.0,1183.00 KG,2024-05_MN_1610.0_5.0,2024-05-05 16:52:00
CDG,86.0,1118.00 KG,CDG,84.0,1092.00 KG,2024-05_MN_1528.0_5.0,2024-05-05 17:05:16
MXP,109.0,1417.00 KG,MXP,108.0,1404.00 KG,2024-05_MN_1436.0_5.0,2024-05-05 17:13:59
LIS,112.0,1456.00 KG,LIS,104.0,1352.00 KG,2024-05_MN_1486.0_5.0,2024-05-05 17:16:42
LIS,112.0,1456.00 KG,LIS,105.0,1365.00 KG,2024-05_MN_1486.0_5.0,2024-05-05 17:20:20
LIS,112.0,1456.00 KG,LIS,105.0,1365.00 KG,2024-05_MN_1486.0_5.0,2024-05-05 17:20:32
BCN,78.0,1014.00 KG,,,,2024-05_MN_1564.0_5.0,2024-05-05 17:21:45
LIS,112.0,1456.00 KG,LIS,105.0,1365.00 KG,2024-05_MN_1486.0_5.0,2024-05-05 17:21:51
AGP,111.0,1443.00 KG,AGP,110.0,1430.00 KG,2024-05_MN_1588.0_5.0,2024-05-05 17:37:39
BHX,99.0,1287.00 KG,BHX,95.0,1235.00 KG,2024-05_MN_1276.0_5.0,2024-05-05 18:07:34
SPU,141.0,1833.00 KG,SPU,137.0,1781.00 KG,2024-05_MN_1470.0_5.0,2024-05-05 17:52:54
BHX,99.0,1287.00 KG,BHX,95.0,1235.00 KG,2024-05_MN_1276.0_5.0,2024-05-05 18:07:44
SPU,141.0,1833.00 KG,SPU,138.0,1794.00 KG,2024-05_MN_1470.0_5.0,2024-05-05 18:00:21
ALC,131.0,1703.00 KG,ALC,130.0,1690.00 KG,2024-05_MN_1574.0_5.0,2024-05-05 18:24:54
DUB,183.0,2745.00 KG,DUB,182.0,2730.00 KG,2024-05_MN_1104.0_5.0,2024-05-05 20:34:06
DUB,236.0,3540.00 KG,DUB,239.0,3585.00 KG,2024-05_MN_1122.0_5.0,2024-05-05 20:39:16
DUB,168.0,2520.00 KG,DUB,169.0,2535.00 KG,2024-05_MN_1116.0_5.0,2024-05-05 20:50:05
DUB,118.0,1770.00 KG,DUB,117.0,1755.00 KG,2024-05_MN_1100.0_5.0,2024-05-05 21:01:13
DUB,187.0,2805.00 KG,DUB,183.0,2745.00 KG,2024-05_MN_1132.0_5.0,2024-05-05 21:17:09
MAN,226.0,3390.00 KG,MAN,224.0,3360.00 KG,2024-05_MN_1030.0_5.0,2024-05-05 21:38:23
SNN,125.0,1875.00 KG,SNN,124.0,1860.00 KG,2024-05_MN_1134.0_5.0,2024-05-05 22:18:38
SNN,95.0,1425.00 KG,SNN,94.0,1410.00 KG,2024-05_MN_1110.0_5.0,2024-05-05 22:21:01
MAN,192.0,2880.00 KG,MAN,190.0,2850.00 KG,2024-05_MN_1044.0_5.0,2024-05-05 22:34:11
DUB,187.0,2805.00 KG,DUB,185.0,2775.00 KG,2024-05_MN_1120.0_6.0,2024-05-05 23:29:08
DUB,132.0,1980.00 KG,DUB,134.0,2010.00 KG,2024-05_MN_1086.0_6.0,2024-05-06 00:11:59
DUB,110.0,1650.00 KG,DUB,107.0,1605.00 KG,2024-05_MN_1114.0_6.0,2024-05-06 00:28:37
DUB,199.0,2985.00 KG,DUB,202.0,3030.00 KG,2024-05_MN_1060.0_6.0,2024-05-06 00:26:31
DUB,156.0,2340.00 KG,DUB,154.0,2310.00 KG,2024-05_MN_1136.0_6.0,2024-05-06 00:35:34
DUB,172.0,2580.00 KG,DUB,169.0,2535.00 KG,2024-05_MN_1106.0_6.0,2024-05-06 00:56:39
DUB,236.0,3540.00 KG,DUB,222.0,3330.00 KG,2024-05_MN_1124.0_6.0,2024-05-06 01:41:14
DUB,149.0,2235.00 KG,DUB,152.0,2280.00 KG,2024-05_MN_1068.0_6.0,2024-05-06 02:49:22
NAP,146.0,1898.00 KG,NAP,143.0,1859.00 KG,2024-05_MN_1450.0_6.0,2024-05-06 04:53:39
FCO,137.0,1781.00 KG,FCO,139.0,1807.00 KG,2024-05_MN_1402.0_6.0,2024-05-06 04:57:22
LHR,86.0,1118.00 KG,LHR,85.0,1105.00 KG,2024-05_MN_1152.0_6.0,2024-05-06 05:07:03
LHR,86.0,1118.00 KG,LHR,87.0,1131.00 KG,2024-05_MN_1152.0_6.0,2024-05-06 05:15:28
CDG,135.0,1755.00 KG,CDG,137.0,1781.00 KG,2024-05_MN_1520.0_6.0,2024-05-06 05:22:52
DUS,92.0,1196.00 KG,DUS,88.0,1144.00 KG,2024-05_MN_1692.0_6.0,2024-05-06 05:24:37
DUS,92.0,1196.00 KG,DUS,89.0,1157.00 KG,2024-05_MN_1692.0_6.0,2024-05-06 05:27:04
BRU,97.0,1261.00 KG,BRU,80.0,1040.00 KG,2024-05_MN_1630.0_6.0,2024-05-06 05:26:15
BCN,142.0,1846.00 KG,BCN,146.0,1898.00 KG,2024-05_MN_1562.0_6.0,2024-05-06 05:28:59
MUC,80.0,1040.00 KG,MUC,79.0,1027.00 KG,2024-05_MN_1352.0_6.0,2024-05-06 05:36:40
LIN,122.0,1586.00 KG,LIN,110.0,1430.00 KG,2024-05_MN_1432.0_6.0,2024-05-06 05:39:07
ZRH,83.0,1079.00 KG,ZRH,82.0,1066.00 KG,2024-05_MN_1342.0_6.0,2024-05-06 05:51:18
AGP,279.0,3627.00 KG,AGP,278.0,3614.00 KG,2024-05_MN_1580.0_6.0,2024-05-06 06:06:45
ACE,163.0,2119.00 KG,ACE,155.0,2015.00 KG,2024-05_MN_1776.0_6.0,2024-05-06 06:11:02
DBV,146.0,1898.00 KG,DBV,148.0,1924.00 KG,2024-05_MN_1476.0_6.0,2024-05-06 06:10:00
DBV,146.0,1898.00 KG,DBV,150.0,1950.00 KG,2024-05_MN_1476.0_6.0,2024-05-06 06:16:52
PRG,100.0,1300.00 KG,PRG,99.0,1287.00 KG,2024-05_MN_1642.0_6.0,2024-05-06 06:17:52
LIS,137.0,1781.00 KG,LIS,136.0,1768.00 KG,2024-05_MN_1482.0_6.0,2024-05-06 06:17:59
VCE,160.0,2080.00 KG,VCE,161.0,2093.00 KG,2024-05_MN_1422.0_6.0,2024-05-06 06:25:10
FAO,289.0,3757.00 KG,FAO,300.0,3900.00 KG,2024-05_MN_1492.0_6.0,2024-05-06 06:19:25
BUD,114.0,1482.00 KG,BUD,112.0,1456.00 KG,2024-05_MN_1672.0_6.0,2024-05-06 06:20:07
ACE,162.0,2106.00 KG,ACE,164.0,2132.00 KG,2024-05_MN_1776.0_6.0,2024-05-06 06:33:45
ACE,162.0,2106.00 KG,ACE,165.0,2145.00 KG,2024-05_MN_1776.0_6.0,2024-05-06 06:37:22
LHR,97.0,1261.00 KG,LHR,91.0,1183.00 KG,2024-05_MN_1156.0_6.0,2024-05-06 07:41:43
BUD,115.0,1495.00 KG,BUD,112.0,1456.00 KG,2024-05_MN_1672.0_6.0,2024-05-06 07:56:44
LHR,98.0,1274.00 KG,LHR,88.0,1144.00 KG,2024-05_MN_1158.0_6.0,2024-05-06 08:21:09
LHR,98.0,1274.00 KG,LHR,89.0,1157.00 KG,2024-05_MN_1158.0_6.0,2024-05-06 08:22:00
HAM,121.0,1573.00 KG,HAM,105.0,1365.00 KG,2024-05_MN_1392.0_6.0,2024-05-06 08:43:14
NCE,104.0,1352.00 KG,NCE,103.0,1339.00 KG,2024-05_MN_1544.0_6.0,2024-05-06 09:46:56
LHR,126.0,1638.00 KG,LHR,128.0,1664.00 KG,2024-05_MN_1162.0_6.0,2024-05-06 09:55:42
LHR,126.0,1638.00 KG,LHR,129.0,1677.00 KG,2024-05_MN_1162.0_6.0,2024-05-06 09:58:26
BOS,171.0,2565.00 KG,BOS,168.0,2520.00 KG,2024-05_MN_1133.0_6.0,2024-05-06 10:04:45
AGP,161.0,2093.00 KG,AGP,158.0,2054.00 KG,2024-05_MN_1584.0_6.0,2024-05-06 10:18:06
ORD,198.0,2970.00 KG,ORD,197.0,2955.00 KG,2024-05_MN_1123.0_6.0,2024-05-06 10:22:07
FAO,178.0,2314.00 KG,FAO,179.0,2327.00 KG,2024-05_MN_1494.0_6.0,2024-05-06 10:24:10
BOS,171.0,2565.00 KG,BOS,173.0,2595.00 KG,2024-05_MN_1133.0_6.0,2024-05-06 10:25:48
FAO,178.0,2314.00 KG,FAO,184.0,2392.00 KG,2024-05_MN_1494.0_6.0,2024-05-06 10:36:53
LHR,116.0,1508.00 KG,LHR,107.0,1391.00 KG,2024-05_MN_1164.0_6.0,2024-05-06 10:46:18
SFO,182.0,2730.00 KG,SFO,181.0,2715.00 KG,2024-05_MN_1061.0_6.0,2024-05-06 11:24:41
CDG,110.0,1430.00 KG,CDG,108.0,1404.00 KG,2024-05_MN_1526.0_6.0,2024-05-06 11:29:27
MAN,114.0,1482.00 KG,MAN,110.0,1430.00 KG,2024-05_MN_1208.0_6.0,2024-05-06 11:34:27
CDG,110.0,1430.00 KG,CDG,111.0,1443.00 KG,2024-05_MN_1526.0_6.0,2024-05-06 11:40:26
YYZ,207.0,3105.00 KG,YYZ,206.0,3090.00 KG,2024-05_MN_1127.0_6.0,2024-05-06 11:51:04
GVA,82.0,1066.00 KG,GVA,81.0,1053.00 KG,2024-05_MN_1684.0_6.0,2024-05-06 11:53:36
EWR,97.0,1455.00 KG,EWR,99.0,1485.00 KG,2024-05_MN_1101.0_6.0,2024-05-06 11:54:35
LHR,93.0,1209.00 KG,LHR,91.0,1183.00 KG,2024-05_MN_1166.0_6.0,2024-05-06 12:10:17
SCQ,156.0,2028.00 KG,SCQ,155.0,2015.00 KG,2024-05_MN_1742.0_6.0,2024-05-06 12:10:52
AMS,100.0,1300.00 KG,AMS,81.0,1053.00 KG,2024-05_MN_1608.0_6.0,2024-05-06 12:12:41
LHR,93.0,1209.00 KG,LHR,92.0,1196.00 KG,2024-05_MN_1166.0_6.0,2024-05-06 12:12:30
AMS,100.0,1300.00 KG,AMS,87.0,1131.00 KG,2024-05_MN_1608.0_6.0,2024-05-06 12:15:08
BDL,109.0,1635.00 KG,BDL,104.0,1560.00 KG,2024-05_MN_1131.0_6.0,2024-05-06 12:37:38
HER,169.0,2197.00 KG,HER,164.0,2132.00 KG,2024-05_MN_1448.0_6.0,2024-05-06 12:48:53
MSP,73.0,1095.00 KG,MSP,71.0,1065.00 KG,2024-05_MN_1089.0_6.0,2024-05-06 12:59:24
LHR,89.0,1157.00 KG,LHR,87.0,1131.00 KG,2024-05_MN_1168.0_6.0,2024-05-06 13:07:44
HER,169.0,2197.00 KG,HER,165.0,2145.00 KG,2024-05_MN_1448.0_6.0,2024-05-06 13:11:05
ACE,183.0,2379.00 KG,ACE,184.0,2392.00 KG,2024-05_MN_1778.0_6.0,2024-05-06 13:12:59
LPA,154.0,2002.00 KG,LPA,152.0,1976.00 KG,2024-05_MN_1782.0_6.0,2024-05-06 13:33:38
LPA,154.0,2002.00 KG,LPA,155.0,2015.00 KG,2024-05_MN_1782.0_6.0,2024-05-06 13:42:03
TFS,168.0,2184.00 KG,TFS,166.0,2158.00 KG,2024-05_MN_1764.0_6.0,2024-05-06 13:43:06
LAX,161.0,2415.00 KG,LAX,162.0,2430.00 KG,2024-05_MN_1069.0_6.0,2024-05-06 14:05:03
FCO,131.0,1703.00 KG,FCO,126.0,1638.00 KG,2024-05_MN_1406.0_6.0,2024-05-06 14:16:38
CLE,107.0,1605.00 KG,CLE,108.0,1620.00 KG,2024-05_MN_1087.0_6.0,2024-05-06 14:26:12
FCO,131.0,1703.00 KG,FCO,127.0,1651.00 KG,2024-05_MN_1406.0_6.0,2024-05-06 14:31:40
FCO,131.0,1703.00 KG,FCO,127.0,1651.00 KG,2024-05_MN_1406.0_6.0,2024-05-06 14:31:35
LHR,99.0,1287.00 KG,LHR,101.0,1313.00 KG,2024-05_MN_1174.0_6.0,2024-05-06 14:32:01
PHL,75.0,1125.00 KG,PHL,85.0,1275.00 KG,2024-05_MN_1115.0_6.0,2024-05-06 14:45:13
LHR,99.0,1287.00 KG,LHR,102.0,1326.00 KG,2024-05_MN_1174.0_6.0,2024-05-06 14:44:04
MUC,122.0,1586.00 KG,MUC,113.0,1469.00 KG,2024-05_MN_1356.0_6.0,2024-05-06 14:55:40
AGP,149.0,1937.00 KG,AGP,147.0,1911.00 KG,2024-05_MN_1586.0_6.0,2024-05-06 15:02:27
IAD,137.0,2055.00 KG,IAD,136.0,2040.00 KG,2024-05_MN_1119.0_6.0,2024-05-06 15:03:14
PMI,166.0,2158.00 KG,PMI,162.0,2106.00 KG,2024-05_MN_1736.0_6.0,2024-05-06 15:07:48
BOS,135.0,2025.00 KG,BOS,129.0,1935.00 KG,2024-05_MN_1137.0_6.0,2024-05-06 15:18:03
ORD,131.0,1965.00 KG,ORD,154.0,2310.00 KG,2024-05_MN_1125.0_6.0,2024-05-06 15:25:11
JFK,133.0,1995.00 KG,JFK,132.0,1980.00 KG,2024-05_MN_1107.0_6.0,2024-05-06 15:20:40
PMI,166.0,2158.00 KG,PMI,162.0,2106.00 KG,2024-05_MN_1736.0_6.0,2024-05-06 15:59:30
BRU,102.0,1326.00 KG,BRU,91.0,1183.00 KG,2024-05_MN_1638.0_6.0,2024-05-06 16:21:16
BER,80.0,1040.00 KG,,,,2024-05_MN_1336.0_6.0,2024-05-06 16:35:33
LHR,102.0,1326.00 KG,LHR,99.0,1287.00 KG,2024-05_MN_1176.0_6.0,2024-05-06 16:36:39
LHR,90.0,1170.00 KG,LHR,84.0,1092.00 KG,2024-05_MN_1178.0_6.0,2024-05-06 16:45:33
MXP,86.0,1118.00 KG,MXP,87.0,1131.00 KG,2024-05_MN_1436.0_6.0,2024-05-06 16:40:45
AMS,95.0,1235.00 KG,AMS,93.0,1209.00 KG,2024-05_MN_1610.0_6.0,2024-05-06 17:02:58
CDG,113.0,1469.00 KG,CDG,110.0,1430.00 KG,2024-05_MN_1528.0_6.0,2024-05-06 17:38:07
BCN,100.0,1300.00 KG,BCN,93.0,1209.00 KG,2024-05_MN_1564.0_6.0,2024-05-06 17:27:05
CDG,113.0,1469.00 KG,CDG,108.0,1404.00 KG,2024-05_MN_1528.0_6.0,2024-05-06 17:34:12
LHR,96.0,1248.00 KG,LHR,81.0,1053.00 KG,2024-05_MN_1182.0_6.0,2024-05-06 17:35:43
ALC,156.0,2028.00 KG,ALC,148.0,1924.00 KG,2024-05_MN_1574.0_6.0,2024-05-06 17:46:32
FAO,147.0,1911.00 KG,FAO,145.0,1885.00 KG,2024-05_MN_1498.0_6.0,2024-05-06 17:56:17
BHX,94.0,1222.00 KG,BHX,88.0,1144.00 KG,2024-05_MN_1276.0_6.0,2024-05-06 17:59:49
FAO,147.0,1911.00 KG,FAO,146.0,1898.00 KG,2024-05_MN_1498.0_6.0,2024-05-06 17:59:56
ALC,156.0,2028.00 KG,ALC,152.0,1976.00 KG,2024-05_MN_1574.0_6.0,2024-05-06 18:16:50
LHR,92.0,1196.00 KG,LHR,87.0,1131.00 KG,2024-05_MN_1184.0_6.0,2024-05-06 18:39:18
DUB,190.0,2850.00 KG,DUB,186.0,2790.00 KG,2024-05_MN_1104.0_6.0,2024-05-06 20:23:16
DUB,168.0,2520.00 KG,DUB,174.0,2610.00 KG,2024-05_MN_1122.0_6.0,2024-05-06 20:34:02
DUB,175.0,2625.00 KG,DUB,178.0,2670.00 KG,2024-05_MN_1132.0_6.0,2024-05-06 20:57:00
DUB,103.0,1545.00 KG,DUB,106.0,1590.00 KG,2024-05_MN_1100.0_6.0,2024-05-06 21:09:16
DUB,118.0,1770.00 KG,DUB,119.0,1785.00 KG,2024-05_MN_1130.0_6.0,2024-05-06 21:26:45
MAN,188.0,2820.00 KG,MAN,196.0,2940.00 KG,2024-05_MN_1034.0_6.0,2024-05-06 21:33:12
SNN,117.0,1755.00 KG,SNN,120.0,1800.00 KG,2024-05_MN_1134.0_6.0,2024-05-06 22:08:14
SNN,179.0,2685.00 KG,SNN,178.0,2670.00 KG,2024-05_MN_1110.0_6.0,2024-05-06 22:36:20
MAN,202.0,3030.00 KG,MAN,194.0,2910.00 KG,2024-05_MN_1044.0_6.0,2024-05-06 22:30:22
MAN,202.0,3030.00 KG,MAN,199.0,2985.00 KG,2024-05_MN_1044.0_6.0,2024-05-06 22:34:45
MAN,202.0,3030.00 KG,MAN,200.0,3000.00 KG,2024-05_MN_1044.0_6.0,2024-05-06 22:42:41
DUB,119.0,1785.00 KG,DUB,115.0,1725.00 KG,2024-05_MN_1088.0_6.0,2024-05-06 23:58:38
DUB,119.0,1785.00 KG,DUB,116.0,1740.00 KG,2024-05_MN_1088.0_6.0,2024-05-07 00:00:21
DUB,130.0,1950.00 KG,DUB,132.0,1980.00 KG,2024-05_MN_1086.0_7.0,2024-05-07 00:13:16
DUB,102.0,1530.00 KG,DUB,100.0,1500.00 KG,2024-05_MN_1114.0_7.0,2024-05-07 00:14:02
DUB,204.0,301060.00 KG,DUB,198.0,2970.00 KG,2024-05_MN_1060.0_7.0,2024-05-07 00:23:26
DUB,99.0,1485.00 KG,DUB,100.0,1500.00 KG,2024-05_MN_1114.0_7.0,2024-05-07 00:27:18
DUB,230.0,3450.00 KG,DUB,229.0,3435.00 KG,2024-05_MN_1106.0_7.0,2024-05-07 00:46:53
DUB,175.0,2625.00 KG,DUB,173.0,2595.00 KG,2024-05_MN_1136.0_7.0,2024-05-07 00:56:10
DUB,195.0,2925.00 KG,DUB,196.0,2940.00 KG,2024-05_MN_1052.0_7.0,2024-05-07 01:35:19
DUB,169.0,2535.00 KG,DUB,171.0,2565.00 KG,2024-05_MN_1124.0_7.0,2024-05-07 01:40:00
DUB,173.0,2595.00 KG,DUB,174.0,2610.00 KG,2024-05_MN_1068.0_7.0,2024-05-07 03:00:00
ATH,129.0,1677.00 KG,ATH,128.0,1664.00 KG,2024-05_MN_1440.0_7.0,2024-05-07 04:38:36
NAP,134.0,1742.00 KG,NAP,104.0,1352.00 KG,2024-05_MN_1450.0_7.0,2024-05-07 04:45:35
FCO,139.0,1807.00 KG,FCO,118.0,1534.00 KG,2024-05_MN_1402.0_7.0,2024-05-07 04:57:03
NAP,134.0,1742.00 KG,NAP,136.0,1768.00 KG,2024-05_MN_1450.0_7.0,2024-05-07 05:07:31
FCO,139.0,1807.00 KG,FCO,140.0,1820.00 KG,2024-05_MN_1402.0_7.0,2024-05-07 05:06:26
CDG,129.0,1677.00 KG,CDG,120.0,1560.00 KG,2024-05_MN_1520.0_7.0,2024-05-07 05:18:30
BCN,171.0,2223.00 KG,BCN,172.0,2236.00 KG,2024-05_MN_1562.0_7.0,2024-05-07 05:29:08
BRU,82.0,1066.00 KG,BRU,83.0,1079.00 KG,2024-05_MN_1630.0_7.0,2024-05-07 05:33:12
LIN,125.0,1625.00 KG,LIN,122.0,1586.00 KG,2024-05_MN_1432.0_7.0,2024-05-07 05:45:24
MUC,88.0,1144.00 KG,MUC,87.0,1131.00 KG,2024-05_MN_1352.0_7.0,2024-05-07 05:46:02
AGP,284.0,3692.00 KG,AGP,279.0,3627.00 KG,2024-05_MN_1580.0_7.0,2024-05-07 05:47:14
MUC,88.0,1144.00 KG,MUC,89.0,1157.00 KG,2024-05_MN_1352.0_7.0,2024-05-07 05:53:55
BUD,112.0,1456.00 KG,BUD,106.0,1378.00 KG,2024-05_MN_1672.0_7.0,2024-05-07 06:11:06
FAO,299.0,3887.00 KG,FAO,293.0,3809.00 KG,2024-05_MN_1492.0_7.0,2024-05-07 06:13:58
BUD,112.0,1456.00 KG,BUD,107.0,1391.00 KG,2024-05_MN_1672.0_7.0,2024-05-07 06:18:54
DBV,124.0,1612.00 KG,DBV,127.0,1651.00 KG,2024-05_MN_1476.0_7.0,2024-05-07 06:22:19
VCE,143.0,1859.00 KG,VCE,141.0,1833.00 KG,2024-05_MN_1422.0_7.0,2024-05-07 06:35:25
AGP,188.0,2444.00 KG,AGP,185.0,2405.00 KG,2024-05_MN_1582.0_7.0,2024-05-07 07:32:50
CDG,133.0,1729.00 KG,CDG,117.0,1521.00 KG,2024-05_MN_1524.0_7.0,2024-05-07 08:16:26
LHR,104.0,1352.00 KG,LHR,105.0,1365.00 KG,2024-05_MN_1158.0_7.0,2024-05-07 08:31:55
CDG,133.0,1729.00 KG,CDG,127.0,1651.00 KG,2024-05_MN_1524.0_7.0,2024-05-07 08:36:59
AMS,111.0,1443.00 KG,AMS,109.0,1417.00 KG,2024-05_MN_1604.0_7.0,2024-05-07 08:48:52
HAM,93.0,1209.00 KG,HAM,85.0,1105.00 KG,2024-05_MN_1392.0_7.0,2024-05-07 08:58:09
