total_baggage,total_cargo,total_mnc,total_mail,departure_airport,combined,timestamp
884.0,0.0,0.0,0.0,DUB,2024-05_MN_1680.0_30.0,2024-04-30 04:43:25
1599.0,0.0,0.0,0.0,DUB,2024-05_MN_1450.0_30.0,2024-04-30 04:51:19
585.0,310.0,0.0,654.0,DUB,2024-05_MN_1602.0_30.0,2024-04-30 04:53:25
1027.0,898.0,0.0,0.0,DUB,2024-05_MN_1592.0_30.0,2024-04-30 04:58:24
1118.0,0.0,0.0,0.0,DUB,2024-05_MN_1152.0_30.0,2024-04-30 05:07:28
377.0,135.0,0.0,0.0,DUB,2024-05_MN_1262.0_30.0,2024-04-30 05:10:13
975.0,157.0,88.0,0.0,DUB,2024-05_MN_1402.0_30.0,2024-04-30 05:10:49
455.0,633.0,0.0,0.0,DUB,2024-05_MN_1202.0_30.0,2024-04-30 05:12:58
637.0,0.0,0.0,0.0,DUB,2024-05_MN_1332.0_30.0,2024-04-30 05:15:14
728.0,94.0,0.0,636.0,DUB,2024-05_MN_1520.0_30.0,2024-04-30 05:15:59
507.0,0.0,176.0,0.0,DUB,2024-05_MN_4250.0_30.0,2024-04-30 05:18:38
1781.0,99.0,0.0,0.0,DUB,2024-05_MN_1562.0_30.0,2024-04-30 05:28:41
1196.0,0.0,0.0,0.0,DUB,2024-05_MN_1692.0_30.0,2024-04-30 05:28:42
1170.0,401.0,0.0,268.0,DUB,2024-05_MN_1630.0_30.0,2024-04-30 05:31:49
975.0,0.0,0.0,0.0,DUB,2024-05_MN_1342.0_30.0,2024-04-30 05:34:03
1001.0,0.0,0.0,0.0,DUB,2024-05_MN_1532.0_30.0,2024-04-30 05:38:26
936.0,0.0,0.0,0.0,DUB,2024-05_MN_1352.0_30.0,2024-04-30 05:38:58
1443.0,107.0,0.0,551.0,DUB,2024-05_MN_1432.0_30.0,2024-04-30 05:45:30
1300.0,0.0,0.0,0.0,DUB,2024-05_MN_1650.0_30.0,2024-04-30 05:45:32
1885.0,0.0,0.0,0.0,DUB,2024-05_MN_1476.0_30.0,2024-04-30 05:53:11
1677.0,0.0,0.0,0.0,DUB,2024-05_MN_1422.0_30.0,2024-04-30 06:04:13
3601.0,0.0,0.0,0.0,DUB,2024-05_MN_1580.0_30.0,2024-04-30 06:07:58
1456.0,0.0,0.0,0.0,DUB,2024-05_MN_1492.0_30.0,2024-04-30 06:08:46
312.0,0.0,0.0,0.0,DUB,2024-05_MN_1154.0_30.0,2024-04-30 06:11:16
1313.0,0.0,0.0,0.0,DUB,2024-05_MN_1672.0_30.0,2024-04-30 06:20:32
1118.0,0.0,0.0,0.0,DUB,2024-05_MN_1522.0_30.0,2024-04-30 06:37:15
572.0,0.0,0.0,0.0,DUB,2024-05_MN_1156.0_30.0,2024-04-30 07:35:57
1508.0,0.0,0.0,0.0,DUB,2024-05_MN_1154.0_1.0,2024-04-30 08:09:34
650.0,1169.0,0.0,0.0,DUB,2024-05_MN_1158.0_30.0,2024-04-30 08:29:13
1560.0,304.0,0.0,0.0,DUB,2024-05_MN_1524.0_30.0,2024-04-30 08:42:52
962.0,0.0,0.0,0.0,DUB,2024-05_MN_1604.0_30.0,2024-04-30 09:01:59
1209.0,0.0,440.0,0.0,DUB,2024-05_MN_1392.0_30.0,2024-04-30 09:04:52
1170.0,0.0,0.0,0.0,DUB,2024-05_MN_1544.0_30.0,2024-04-30 09:35:02
3345.0,5134.0,75.0,1185.0,DUB,2024-05_MN_1105.0_30.0,2024-04-30 09:46:55
715.0,0.0,273.0,0.0,DUB,2024-05_MN_1162.0_30.0,2024-04-30 09:55:18
2685.0,4473.0,75.0,0.0,DUB,2024-05_MN_1133.0_30.0,2024-04-30 10:23:05
3030.0,9974.0,75.0,0.0,DUB,2024-05_MN_1123.0_30.0,2024-04-30 10:32:14
2366.0,113.0,0.0,0.0,DUB,2024-05_MN_1584.0_30.0,2024-04-30 10:35:10
1703.0,0.0,0.0,0.0,DUB,2024-05_MN_1748.0_30.0,2024-04-30 10:49:12
728.0,879.0,0.0,0.0,DUB,2024-05_MN_1164.0_30.0,2024-04-30 11:00:30
364.0,0.0,0.0,0.0,DUB,2024-05_MN_1160.0_30.0,2024-04-30 11:13:14
936.0,0.0,0.0,0.0,DUB,2024-05_MN_1514.0_30.0,2024-04-30 11:17:02
2685.0,23.0,150.0,0.0,DUB,2024-05_MN_1061.0_30.0,2024-04-30 11:36:02
1339.0,0.0,0.0,0.0,DUB,2024-05_MN_1552.0_30.0,2024-04-30 11:40:21
871.0,0.0,88.0,0.0,NOC,2024-05_MN_1916.0_30.0,2024-04-30 11:44:48
1560.0,0.0,0.0,0.0,DUB,2024-05_MN_1526.0_30.0,2024-04-30 11:45:44
975.0,0.0,798.0,0.0,DUB,2024-05_MN_1208.0_30.0,2024-04-30 11:45:50
2010.0,0.0,65.0,0.0,DUB,2024-05_MN_1117.0_30.0,2024-04-30 11:45:59
494.0,0.0,0.0,0.0,DUB,2024-05_MN_1166.0_30.0,2024-04-30 11:54:32
2190.0,0.0,65.0,0.0,DUB,2024-05_MN_1101.0_30.0,2024-04-30 12:07:25
3105.0,4538.0,75.0,0.0,DUB,2024-05_MN_1127.0_30.0,2024-04-30 12:15:53
962.0,0.0,0.0,0.0,DUB,2024-05_MN_1608.0_30.0,2024-04-30 12:27:41
3315.0,4336.0,75.0,0.0,DUB,2024-05_MN_1121.0_30.0,2024-04-30 12:41:11
1845.0,0.0,65.0,0.0,DUB,2024-05_MN_1131.0_30.0,2024-04-30 12:44:02
455.0,0.0,0.0,0.0,DUB,2024-05_MN_1168.0_30.0,2024-04-30 13:00:22
2171.0,0.0,0.0,0.0,DUB,2024-05_MN_1778.0_30.0,2024-04-30 13:19:23
1378.0,0.0,176.0,0.0,DUB,2024-05_MN_1412.0_30.0,2024-04-30 13:28:48
2106.0,0.0,264.0,0.0,DUB,2024-05_MN_1764.0_30.0,2024-04-30 13:40:33
2184.0,0.0,264.0,0.0,DUB,2024-05_MN_1782.0_30.0,2024-04-30 13:52:55
2210.0,0.0,0.0,0.0,DUB,2024-05_MN_1798.0_30.0,2024-04-30 14:12:01
598.0,263.0,0.0,0.0,DUB,2024-05_MN_1174.0_30.0,2024-04-30 14:21:08
2715.0,2104.0,150.0,0.0,DUB,2024-05_MN_1069.0_30.0,2024-04-30 14:36:07
1469.0,89.0,0.0,0.0,DUB,2024-05_MN_1406.0_30.0,2024-04-30 14:42:32
1885.0,0.0,0.0,0.0,DUB,2024-05_MN_1736.0_30.0,2024-04-30 15:02:06
1833.0,0.0,0.0,0.0,DUB,2024-05_MN_1586.0_30.0,2024-04-30 15:10:46
2100.0,0.0,65.0,0.0,DUB,2024-05_MN_1119.0_30.0,2024-04-30 15:11:21
2565.0,8852.0,75.0,0.0,DUB,2024-05_MN_1125.0_30.0,2024-04-30 15:19:10
1560.0,0.0,65.0,0.0,DUB,2024-05_MN_1115.0_30.0,2024-04-30 15:24:04
3285.0,0.0,75.0,0.0,DUB,2024-05_MN_1107.0_30.0,2024-04-30 15:33:48
2535.0,0.0,75.0,0.0,DUB,2024-05_MN_1137.0_30.0,2024-04-30 15:34:28
1118.0,0.0,0.0,0.0,DUB,2024-05_MN_1336.0_30.0,2024-04-30 16:10:22
468.0,0.0,0.0,0.0,DUB,2024-05_MN_1176.0_30.0,2024-04-30 16:10:31
1222.0,71.0,0.0,0.0,DUB,2024-05_MN_1698.0_30.0,2024-04-30 16:15:58
390.0,0.0,0.0,0.0,DUB,2024-05_MN_1178.0_30.0,2024-04-30 16:38:40
793.0,0.0,0.0,0.0,DUB,2024-05_MN_1610.0_30.0,2024-04-30 16:40:44
1482.0,0.0,0.0,0.0,DUB,2024-05_MN_1638.0_30.0,2024-04-30 16:46:13
1404.0,132.0,0.0,0.0,DUB,2024-05_MN_1528.0_30.0,2024-04-30 16:54:45
1105.0,482.0,0.0,0.0,DUB,2024-05_MN_1656.0_30.0,2024-04-30 17:05:49
1612.0,90.0,176.0,0.0,DUB,2024-05_MN_1486.0_30.0,2024-04-30 17:26:23
650.0,0.0,0.0,0.0,DUB,2024-05_MN_1182.0_30.0,2024-04-30 17:38:56
1417.0,0.0,0.0,0.0,DUB,2024-05_MN_1564.0_30.0,2024-04-30 17:44:06
2223.0,0.0,0.0,0.0,DUB,2024-05_MN_1498.0_30.0,2024-04-30 17:55:43
1885.0,0.0,0.0,0.0,DUB,2024-05_MN_1574.0_30.0,2024-04-30 18:03:57
533.0,0.0,0.0,0.0,DUB,2024-05_MN_1276.0_30.0,2024-04-30 18:12:32
390.0,211.0,264.0,0.0,DUB,2024-05_MN_1184.0_30.0,2024-04-30 18:43:25
2070.0,1445.0,75.0,0.0,JFK,2024-05_MN_1104.0_30.0,2024-04-30 20:14:53
2430.0,6883.0,75.0,0.0,ORD,2024-05_MN_1122.0_30.0,2024-04-30 20:21:28
1950.0,0.0,65.0,0.0,IAD,2024-05_MN_1116.0_30.0,2024-04-30 20:36:50
2400.0,1695.0,75.0,0.0,BOS,2024-05_MN_1132.0_30.0,2024-04-30 21:01:32
1965.0,0.0,241.0,0.0,EWR,2024-05_MN_1100.0_30.0,2024-04-30 21:06:46
3150.0,0.0,75.0,0.0,MCO,2024-05_MN_1034.0_30.0,2024-04-30 21:13:12
1185.0,0.0,65.0,0.0,JFK,2024-05_MN_1110.0_30.0,2024-04-30 21:14:10
3075.0,0.0,85.0,0.0,YYZ,2024-05_MN_1126.0_30.0,2024-04-30 21:21:13
1665.0,0.0,153.0,0.0,BDL,2024-05_MN_1130.0_30.0,2024-04-30 21:23:47
1515.0,0.0,241.0,0.0,BOS,2024-05_MN_1134.0_30.0,2024-04-30 22:11:33
2145.0,60.0,75.0,0.0,JFK,2024-05_MN_1044.0_30.0,2024-04-30 22:27:37
4260.0,1677.0,75.0,0.0,MCO,2024-05_MN_1120.0_1.0,2024-04-30 23:48:28
2760.0,37.0,75.0,0.0,JFK,2024-05_MN_1106.0_1.0,2024-05-01 00:00:51
1335.0,0.0,153.0,0.0,PHL,2024-05_MN_1114.0_1.0,2024-05-01 00:13:01
2025.0,0.0,65.0,0.0,IAD,2024-05_MN_1118.0_1.0,2024-05-01 00:14:43
2625.0,2944.0,75.0,0.0,SFO,2024-05_MN_1060.0_1.0,2024-05-01 00:40:09
1845.0,1248.0,75.0,0.0,BOS,2024-05_MN_1136.0_1.0,2024-05-01 00:42:01
2595.0,5903.0,75.0,0.0,ORD,2024-05_MN_1124.0_1.0,2024-05-01 01:15:28
3030.0,3598.0,75.0,0.0,LAX,2024-05_MN_1068.0_1.0,2024-05-01 03:03:25
2223.0,0.0,176.0,0.0,DUB,2024-05_MN_1428.0_1.0,2024-05-01 04:53:10
1027.0,0.0,0.0,0.0,DUB,2024-05_MN_1592.0_1.0,2024-05-01 04:54:10
1495.0,0.0,502.0,0.0,DUB,2024-05_MN_1550.0_1.0,2024-05-01 04:59:10
806.0,0.0,0.0,754.0,DUB,2024-05_MN_1602.0_1.0,2024-05-01 04:59:30
1638.0,0.0,176.0,0.0,DUB,2024-05_MN_1450.0_1.0,2024-05-01 04:59:51
1456.0,0.0,0.0,0.0,DUB,2024-05_MN_1402.0_1.0,2024-05-01 05:02:39
468.0,0.0,0.0,0.0,DUB,2024-05_MN_1262.0_1.0,2024-05-01 05:07:30
793.0,3.0,0.0,0.0,DUB,2024-05_MN_1202.0_1.0,2024-05-01 05:17:02
1157.0,217.0,0.0,0.0,DUB,2024-05_MN_1152.0_1.0,2024-05-01 05:20:54
728.0,104.0,0.0,0.0,DUB,2024-05_MN_1332.0_1.0,2024-05-01 05:23:40
819.0,0.0,0.0,0.0,DUB,2024-05_MN_4250.0_1.0,2024-05-01 05:25:07
1183.0,0.0,0.0,929.0,DUB,2024-05_MN_1520.0_1.0,2024-05-01 05:25:30
1534.0,95.0,0.0,0.0,DUB,2024-05_MN_1562.0_1.0,2024-05-01 05:26:48
1274.0,0.0,0.0,0.0,DUB,2024-05_MN_1506.0_1.0,2024-05-01 05:31:21
1027.0,0.0,0.0,0.0,DUB,2024-05_MN_1692.0_1.0,2024-05-01 05:31:24
845.0,107.0,0.0,183.0,DUB,2024-05_MN_1630.0_1.0,2024-05-01 05:32:13
884.0,0.0,0.0,0.0,DUB,2024-05_MN_1650.0_1.0,2024-05-01 05:35:51
1937.0,0.0,0.0,378.0,DUB,2024-05_MN_1432.0_1.0,2024-05-01 05:37:49
975.0,376.0,0.0,0.0,DUB,2024-05_MN_1352.0_1.0,2024-05-01 05:46:03
1586.0,128.0,0.0,0.0,DUB,2024-05_MN_1660.0_1.0,2024-05-01 05:57:47
1586.0,0.0,0.0,0.0,DUB,2024-05_MN_1476.0_1.0,2024-05-01 06:09:00
1222.0,0.0,0.0,0.0,DUB,2024-05_MN_1642.0_1.0,2024-05-01 06:17:53
0.0,0.0,0.0,0.0,CDG,2024-05_MN_1909.0_2.0,2024-05-01 06:27:36
0.0,0.0,0.0,0.0,LHR,2024-05_MN_1381.0_2.0,2024-05-01 06:28:35
3601.0,0.0,0.0,0.0,DUB,2024-05_MN_1492.0_1.0,2024-05-01 06:30:26
1989.0,0.0,0.0,0.0,DUB,2024-05_MN_1422.0_1.0,2024-05-01 06:31:53
2223.0,0.0,0.0,0.0,DUB,2024-05_MN_1776.0_1.0,2024-05-01 06:35:18
2028.0,0.0,0.0,0.0,DUB,2024-05_MN_1582.0_1.0,2024-05-01 07:28:36
1001.0,0.0,0.0,0.0,DUB,2024-05_MN_1156.0_1.0,2024-05-01 07:34:55
3705.0,113.0,0.0,0.0,DUB,2024-05_MN_1580.0_1.0,2024-05-01 07:44:16
1040.0,0.0,0.0,0.0,DUB,2024-05_MN_1342.0_1.0,2024-05-01 07:59:36
1144.0,145.0,0.0,0.0,DUB,2024-05_MN_1158.0_1.0,2024-05-01 08:42:28
988.0,0.0,0.0,0.0,DUB,2024-05_MN_1604.0_1.0,2024-05-01 08:45:40
1820.0,381.0,0.0,0.0,DUB,2024-05_MN_1524.0_1.0,2024-05-01 08:55:19
1209.0,0.0,0.0,0.0,DUB,2024-05_MN_1392.0_1.0,2024-05-01 09:09:46
1534.0,0.0,0.0,0.0,DUB,2024-05_MN_1544.0_1.0,2024-05-01 09:54:09
4155.0,4465.0,75.0,956.0,DUB,2024-05_MN_1105.0_1.0,2024-05-01 10:03:49
1170.0,0.0,0.0,0.0,DUB,2024-05_MN_1162.0_1.0,2024-05-01 10:20:53
3225.0,10470.0,75.0,0.0,DUB,2024-05_MN_1123.0_1.0,2024-05-01 10:21:20
3165.0,6816.0,75.0,0.0,DUB,2024-05_MN_1133.0_1.0,2024-05-01 10:27:25
559.0,447.0,0.0,0.0,DUB,2024-05_MN_1164.0_1.0,2024-05-01 10:40:56
2314.0,0.0,0.0,0.0,DUB,2024-05_MN_1494.0_1.0,2024-05-01 10:41:15
2106.0,0.0,0.0,0.0,DUB,2024-05_MN_1584.0_1.0,2024-05-01 10:43:52
572.0,0.0,0.0,0.0,DUB,2024-05_MN_1160.0_1.0,2024-05-01 11:11:55
2190.0,440.0,150.0,0.0,DUB,2024-05_MN_1061.0_1.0,2024-05-01 11:15:17
1740.0,0.0,65.0,0.0,DUB,2024-05_MN_1117.0_1.0,2024-05-01 11:25:05
1725.0,0.0,65.0,0.0,DUB,2024-05_MN_1101.0_1.0,2024-05-01 11:35:12
1443.0,253.0,0.0,0.0,DUB,2024-05_MN_1526.0_1.0,2024-05-01 11:37:07
1664.0,0.0,0.0,0.0,DUB,2024-05_MN_1748.0_1.0,2024-05-01 11:40:42
1261.0,99.0,0.0,0.0,DUB,2024-05_MN_1684.0_1.0,2024-05-01 11:54:21
3240.0,4952.0,75.0,0.0,DUB,2024-05_MN_1127.0_1.0,2024-05-01 12:00:35
715.0,82.0,370.0,0.0,DUB,2024-05_MN_1208.0_1.0,2024-05-01 12:04:00
923.0,0.0,440.0,0.0,DUB,2024-05_MN_1538.0_1.0,2024-05-01 12:06:12
559.0,0.0,0.0,0.0,DUB,2024-05_MN_1166.0_1.0,2024-05-01 12:06:21
481.0,0.0,55.0,0.0,NOC,2024-05_MN_1916.0_1.0,2024-05-01 12:12:45
1755.0,0.0,0.0,0.0,DUB,2024-05_MN_1742.0_1.0,2024-05-01 12:13:06
1300.0,0.0,0.0,0.0,DUB,2024-05_MN_1608.0_1.0,2024-05-01 12:27:23
1530.0,0.0,65.0,0.0,DUB,2024-05_MN_1131.0_1.0,2024-05-01 12:53:20
2080.0,0.0,264.0,0.0,DUB,2024-05_MN_1462.0_1.0,2024-05-01 12:56:42
1768.0,0.0,264.0,0.0,DUB,2024-05_MN_1446.0_1.0,2024-05-01 12:57:44
1170.0,0.0,75.0,0.0,DUB,2024-05_MN_1089.0_1.0,2024-05-01 13:14:58
858.0,0.0,0.0,0.0,DUB,2024-05_MN_1168.0_1.0,2024-05-01 13:18:45
2054.0,0.0,0.0,0.0,DUB,2024-05_MN_1778.0_1.0,2024-05-01 13:49:11
1209.0,0.0,440.0,0.0,DUB,2024-05_MN_1510.0_1.0,2024-05-01 14:00:42
1976.0,0.0,0.0,0.0,DUB,2024-05_MN_1764.0_1.0,2024-05-01 14:02:11
2595.0,1903.0,150.0,0.0,DUB,2024-05_MN_1053.0_1.0,2024-05-01 14:05:12
2640.0,3754.0,150.0,0.0,DUB,2024-05_MN_1069.0_1.0,2024-05-01 14:20:32
2025.0,0.0,65.0,0.0,DUB,2024-05_MN_1087.0_1.0,2024-05-01 14:32:09
1573.0,149.0,0.0,0.0,DUB,2024-05_MN_1406.0_1.0,2024-05-01 14:41:17
689.0,1293.0,0.0,0.0,DUB,2024-05_MN_1174.0_1.0,2024-05-01 14:49:34
2171.0,0.0,0.0,0.0,DUB,2024-05_MN_1736.0_1.0,2024-05-01 14:56:28
2002.0,0.0,0.0,0.0,DUB,2024-05_MN_1586.0_1.0,2024-05-01 15:10:35
1274.0,168.0,0.0,0.0,DUB,2024-05_MN_1656.0_1.0,2024-05-01 15:17:23
1417.0,0.0,0.0,0.0,DUB,2024-05_MN_1356.0_1.0,2024-05-01 15:20:53
2970.0,5770.0,75.0,0.0,DUB,2024-05_MN_1125.0_1.0,2024-05-01 15:31:06
1335.0,0.0,65.0,0.0,DUB,2024-05_MN_1115.0_1.0,2024-05-01 15:31:10
1635.0,0.0,65.0,0.0,DUB,2024-05_MN_1119.0_1.0,2024-05-01 15:32:15
3435.0,1294.0,75.0,0.0,DUB,2024-05_MN_1107.0_1.0,2024-05-01 15:39:59
2132.0,0.0,0.0,0.0,DUB,2024-05_MN_1496.0_1.0,2024-05-01 15:43:59
2025.0,3402.0,75.0,0.0,DUB,2024-05_MN_1137.0_1.0,2024-05-01 15:51:15
1118.0,93.0,0.0,0.0,DUB,2024-05_MN_1698.0_1.0,2024-05-01 16:05:15
1014.0,0.0,0.0,0.0,DUB,2024-05_MN_1336.0_1.0,2024-05-01 16:23:29
533.0,0.0,0.0,0.0,DUB,2024-05_MN_1178.0_1.0,2024-05-01 16:31:47
663.0,0.0,12.0,0.0,DUB,2024-05_MN_1176.0_1.0,2024-05-01 16:34:33
1560.0,0.0,0.0,0.0,DUB,2024-05_MN_1638.0_1.0,2024-05-01 16:44:49
1378.0,0.0,0.0,0.0,DUB,2024-05_MN_1436.0_1.0,2024-05-01 16:51:29
1456.0,101.0,0.0,491.0,DUB,2024-05_MN_1486.0_1.0,2024-05-01 17:08:26
1144.0,217.0,0.0,0.0,DUB,2024-05_MN_1610.0_1.0,2024-05-01 17:08:44
273.0,0.0,0.0,0.0,PGF,2024-05_MN_1511.0_1.0,2024-05-01 17:12:52
1313.0,0.0,0.0,0.0,DUB,2024-05_MN_1528.0_1.0,2024-05-01 17:31:36
1807.0,0.0,0.0,0.0,DUB,2024-05_MN_1564.0_1.0,2024-05-01 17:37:21
1950.0,0.0,0.0,0.0,DUB,2024-05_MN_1574.0_1.0,2024-05-01 17:43:00
585.0,0.0,0.0,0.0,DUB,2024-05_MN_1182.0_1.0,2024-05-01 17:49:53
741.0,0.0,0.0,0.0,DUB,2024-05_MN_1276.0_1.0,2024-05-01 18:21:14
455.0,0.0,0.0,0.0,DUB,2024-05_MN_1184.0_1.0,2024-05-01 18:46:32
2040.0,9070.0,75.0,0.0,JFK,2024-05_MN_1104.0_1.0,2024-05-01 20:34:58
2235.0,0.0,65.0,0.0,IAD,2024-05_MN_1116.0_1.0,2024-05-01 20:49:54
1905.0,0.0,65.0,0.0,EWR,2024-05_MN_1100.0_1.0,2024-05-01 20:54:05
3165.0,7621.0,75.0,0.0,ORD,2024-05_MN_1122.0_1.0,2024-05-01 20:54:05
3090.0,228.0,75.0,0.0,BOS,2024-05_MN_1132.0_1.0,2024-05-01 21:07:08
1830.0,0.0,65.0,0.0,BDL,2024-05_MN_1130.0_1.0,2024-05-01 21:18:06
2955.0,176.0,75.0,0.0,YYZ,2024-05_MN_1126.0_1.0,2024-05-01 21:27:43
3435.0,0.0,75.0,0.0,BGI,2024-05_MN_1030.0_1.0,2024-05-01 21:46:58
1770.0,0.0,65.0,0.0,JFK,2024-05_MN_1110.0_1.0,2024-05-01 21:51:26
1845.0,0.0,65.0,0.0,BOS,2024-05_MN_1134.0_1.0,2024-05-01 22:04:06
2175.0,717.0,75.0,0.0,JFK,2024-05_MN_1044.0_1.0,2024-05-01 22:50:35
2115.0,0.0,75.0,0.0,MSP,2024-05_MN_1088.0_1.0,2024-05-01 23:38:52
2235.0,0.0,65.0,0.0,CLE,2024-05_MN_1086.0_2.0,2024-05-01 23:57:50
2295.0,0.0,65.0,0.0,IAD,2024-05_MN_1118.0_2.0,2024-05-02 00:15:48
2910.0,1446.0,75.0,0.0,SFO,2024-05_MN_1060.0_2.0,2024-05-02 00:27:27
2940.0,612.0,75.0,0.0,JFK,2024-05_MN_1106.0_2.0,2024-05-02 00:48:45
2415.0,92.0,75.0,0.0,BOS,2024-05_MN_1136.0_2.0,2024-05-02 00:50:31
1845.0,0.0,153.0,0.0,PHL,2024-05_MN_1114.0_2.0,2024-05-02 01:11:01
3120.0,2712.0,75.0,0.0,SEA,2024-05_MN_1052.0_2.0,2024-05-02 01:28:47
2820.0,8594.0,75.0,0.0,ORD,2024-05_MN_1124.0_2.0,2024-05-02 01:43:09
3075.0,8392.0,75.0,0.0,LAX,2024-05_MN_1068.0_2.0,2024-05-02 03:03:47
1365.0,0.0,0.0,0.0,DUB,2024-05_MN_1440.0_2.0,2024-05-02 04:30:50
1209.0,0.0,264.0,0.0,DUB,2024-05_MN_1660.0_2.0,2024-05-02 04:49:34
689.0,116.0,0.0,0.0,DUB,2024-05_MN_1680.0_2.0,2024-05-02 04:53:21
1508.0,609.0,0.0,0.0,DUB,2024-05_MN_1592.0_2.0,2024-05-02 05:00:05
1196.0,128.0,0.0,0.0,DUB,2024-05_MN_1402.0_2.0,2024-05-02 05:02:50
936.0,0.0,646.0,576.0,DUB,2024-05_MN_1602.0_2.0,2024-05-02 05:02:50
1027.0,0.0,0.0,0.0,DUB,2024-05_MN_1152.0_2.0,2024-05-02 05:07:08
507.0,0.0,0.0,0.0,DUB,2024-05_MN_4250.0_2.0,2024-05-02 05:09:01
429.0,0.0,0.0,0.0,DUB,2024-05_MN_1262.0_2.0,2024-05-02 05:16:07
559.0,0.0,440.0,0.0,DUB,2024-05_MN_1692.0_2.0,2024-05-02 05:23:59
663.0,0.0,30.0,0.0,DUB,2024-05_MN_1202.0_2.0,2024-05-02 05:25:12
1911.0,155.0,0.0,0.0,DUB,2024-05_MN_1562.0_2.0,2024-05-02 05:25:38
1456.0,0.0,658.0,844.0,DUB,2024-05_MN_1520.0_2.0,2024-05-02 05:33:01
962.0,0.0,0.0,0.0,DUB,2024-05_MN_1352.0_2.0,2024-05-02 05:36:50
1053.0,0.0,0.0,0.0,DUB,2024-05_MN_1650.0_2.0,2024-05-02 05:42:47
1638.0,386.0,0.0,318.0,DUB,2024-05_MN_1630.0_2.0,2024-05-02 05:43:28
1950.0,187.0,0.0,333.0,DUB,2024-05_MN_1432.0_2.0,2024-05-02 05:45:02
2158.0,0.0,0.0,0.0,DUB,2024-05_MN_1532.0_2.0,2024-05-02 05:48:33
1274.0,0.0,0.0,0.0,DUB,2024-05_MN_1332.0_2.0,2024-05-02 05:57:04
3289.0,0.0,0.0,0.0,DUB,2024-05_MN_1580.0_2.0,2024-05-02 06:07:58
780.0,0.0,0.0,0.0,DUB,2024-05_MN_1342.0_2.0,2024-05-02 06:08:29
3796.0,0.0,0.0,0.0,DUB,2024-05_MN_1492.0_2.0,2024-05-02 06:16:14
1482.0,0.0,0.0,0.0,DUB,2024-05_MN_1476.0_2.0,2024-05-02 06:19:23
1443.0,452.0,0.0,0.0,DUB,2024-05_MN_1642.0_2.0,2024-05-02 06:19:23
1638.0,0.0,0.0,178.0,DUB,2024-05_MN_1482.0_2.0,2024-05-02 06:22:00
1508.0,0.0,0.0,0.0,DUB,2024-05_MN_1422.0_2.0,2024-05-02 06:32:39
676.0,0.0,0.0,0.0,DUB,2024-05_MN_1154.0_2.0,2024-05-02 06:36:18
1482.0,205.0,0.0,0.0,DUB,2024-05_MN_1672.0_2.0,2024-05-02 06:39:26
2080.0,0.0,0.0,0.0,DUB,2024-05_MN_1450.0_2.0,2024-05-02 07:35:13
806.0,0.0,0.0,0.0,DUB,2024-05_MN_1156.0_2.0,2024-05-02 07:48:41
0.0,0.0,0.0,0.0,MUC,2024-05_MN_1353.0_3.0,2024-05-02 07:49:35
962.0,870.0,0.0,0.0,DUB,2024-05_MN_1158.0_2.0,2024-05-02 08:42:24
1560.0,585.0,0.0,0.0,DUB,2024-05_MN_1524.0_2.0,2024-05-02 08:42:52
1924.0,0.0,0.0,0.0,DUB,2024-05_MN_1582.0_2.0,2024-05-02 08:47:56
975.0,123.0,0.0,0.0,DUB,2024-05_MN_1392.0_2.0,2024-05-02 08:48:47
1001.0,0.0,0.0,0.0,DUB,2024-05_MN_1604.0_2.0,2024-05-02 08:49:03
1105.0,0.0,0.0,0.0,DUB,2024-05_MN_1544.0_2.0,2024-05-02 09:35:33
3495.0,4891.0,75.0,739.0,DUB,2024-05_MN_1105.0_2.0,2024-05-02 09:49:36
1105.0,0.0,205.0,0.0,DUB,2024-05_MN_1162.0_2.0,2024-05-02 10:11:34
4215.0,11656.0,75.0,0.0,DUB,2024-05_MN_1123.0_2.0,2024-05-02 10:16:32
1963.0,0.0,0.0,0.0,DUB,2024-05_MN_1584.0_2.0,2024-05-02 10:42:13
871.0,0.0,0.0,0.0,DUB,2024-05_MN_1164.0_2.0,2024-05-02 10:46:00
2850.0,6114.0,75.0,0.0,DUB,2024-05_MN_1133.0_2.0,2024-05-02 10:50:26
1937.0,0.0,0.0,0.0,DUB,2024-05_MN_1494.0_2.0,2024-05-02 10:59:00
0.0,0.0,0.0,0.0,LHR,2024-05_MN_1167.0_2.0,2024-05-02 11:18:36
0.0,0.0,0.0,0.0,LHR,2024-05_MN_1179.0_2.0,2024-05-02 11:20:35
1105.0,0.0,0.0,0.0,DUB,2024-05_MN_1514.0_2.0,2024-05-02 11:22:11
1040.0,0.0,0.0,0.0,DUB,2024-05_MN_1160.0_2.0,2024-05-02 11:23:33
1725.0,112.0,65.0,0.0,DUB,2024-05_MN_1117.0_2.0,2024-05-02 11:32:05
2280.0,556.0,150.0,0.0,DUB,2024-05_MN_1061.0_2.0,2024-05-02 11:32:10
0.0,0.0,0.0,0.0,LHR,2024-05_MN_1169.0_2.0,2024-05-02 11:35:36
0.0,0.0,0.0,0.0,LHR,2024-05_MN_1183.0_2.0,2024-05-02 11:38:35
0.0,0.0,0.0,0.0,LHR,2024-05_MN_1175.0_2.0,2024-05-02 11:39:36
1651.0,0.0,0.0,0.0,DUB,2024-05_MN_1526.0_2.0,2024-05-02 11:46:57
741.0,0.0,0.0,0.0,DUB,2024-05_MN_1538.0_2.0,2024-05-02 11:49:16
390.0,1339.0,0.0,0.0,SNN,2024-05_MN_9888.0_30.0,2024-05-02 11:53:49
1274.0,0.0,0.0,0.0,DUB,2024-05_MN_1552.0_2.0,2024-05-02 11:57:12
2730.0,4666.0,75.0,0.0,DUB,2024-05_MN_1127.0_2.0,2024-05-02 12:01:27
2070.0,0.0,65.0,0.0,DUB,2024-05_MN_1101.0_2.0,2024-05-02 12:12:55
858.0,0.0,0.0,0.0,DUB,2024-05_MN_1166.0_2.0,2024-05-02 12:16:12
910.0,0.0,55.0,0.0,NOC,2024-05_MN_1916.0_2.0,2024-05-02 12:16:42
1378.0,0.0,0.0,0.0,DUB,2024-05_MN_1608.0_2.0,2024-05-02 12:34:45
2067.0,0.0,264.0,0.0,DUB,2024-05_MN_1448.0_2.0,2024-05-02 12:35:23
0.0,0.0,0.0,0.0,LHR,2024-05_MN_1151.0_3.0,2024-05-02 12:38:37
0.0,0.0,0.0,0.0,LHR,2024-05_MN_1159.0_3.0,2024-05-02 12:39:36
3840.0,5844.0,75.0,0.0,DUB,2024-05_MN_1121.0_2.0,2024-05-02 12:42:32
1230.0,0.0,65.0,0.0,DUB,2024-05_MN_1131.0_2.0,2024-05-02 12:54:32
1066.0,0.0,370.0,0.0,DUB,2024-05_MN_1208.0_2.0,2024-05-02 12:59:19
2041.0,0.0,0.0,0.0,DUB,2024-05_MN_1778.0_2.0,2024-05-02 13:08:01
949.0,1311.0,0.0,0.0,DUB,2024-05_MN_1168.0_2.0,2024-05-02 13:13:58
1443.0,0.0,0.0,0.0,DUB,2024-05_MN_1748.0_2.0,2024-05-02 13:16:42
1690.0,0.0,0.0,0.0,DUB,2024-05_MN_1764.0_2.0,2024-05-02 13:42:53
1807.0,0.0,0.0,0.0,DUB,2024-05_MN_1412.0_2.0,2024-05-02 13:58:03
1690.0,0.0,0.0,0.0,DUB,2024-05_MN_1782.0_2.0,2024-05-02 13:58:34
2250.0,896.0,150.0,0.0,DUB,2024-05_MN_1069.0_2.0,2024-05-02 14:07:53
1079.0,0.0,0.0,0.0,DUB,2024-05_MN_1174.0_2.0,2024-05-02 14:35:11
1859.0,91.0,0.0,0.0,DUB,2024-05_MN_1406.0_2.0,2024-05-02 15:01:21
1729.0,0.0,264.0,0.0,DUB,2024-05_MN_1376.0_2.0,2024-05-02 15:02:01
1395.0,0.0,65.0,0.0,DUB,2024-05_MN_1115.0_2.0,2024-05-02 15:03:51
2067.0,0.0,0.0,0.0,DUB,2024-05_MN_1736.0_2.0,2024-05-02 15:10:50
2655.0,0.0,75.0,0.0,DUB,2024-05_MN_1107.0_2.0,2024-05-02 15:16:53
3030.0,1006.0,75.0,0.0,DUB,2024-05_MN_1125.0_2.0,2024-05-02 15:18:49
2265.0,1356.0,75.0,0.0,DUB,2024-05_MN_1137.0_2.0,2024-05-02 15:23:11
1695.0,0.0,65.0,0.0,DUB,2024-05_MN_1119.0_2.0,2024-05-02 15:25:02
1625.0,230.0,0.0,0.0,DUB,2024-05_MN_1586.0_2.0,2024-05-02 15:35:49
0.0,0.0,0.0,0.0,LHR,2024-05_MN_1155.0_3.0,2024-05-02 16:00:36
936.0,0.0,0.0,0.0,DUB,2024-05_MN_1698.0_2.0,2024-05-02 16:01:27
0.0,0.0,0.0,0.0,LHR,2024-05_MN_1163.0_3.0,2024-05-02 16:01:35
0.0,0.0,0.0,0.0,LHR,2024-05_MN_1153.0_3.0,2024-05-02 16:01:36
1001.0,136.0,0.0,0.0,DUB,2024-05_MN_1656.0_2.0,2024-05-02 16:10:53
936.0,0.0,0.0,0.0,DUB,2024-05_MN_1336.0_2.0,2024-05-02 16:20:11
0.0,0.0,0.0,0.0,DUB,2024-05_MN_1991.0_3.0,2024-05-02 16:21:35
1209.0,0.0,0.0,0.0,DUB,2024-05_MN_1610.0_2.0,2024-05-02 16:46:25
676.0,0.0,0.0,0.0,DUB,2024-05_MN_1178.0_2.0,2024-05-02 16:50:29
923.0,0.0,12.0,0.0,DUB,2024-05_MN_1176.0_2.0,2024-05-02 17:04:08
1885.0,0.0,0.0,0.0,DUB,2024-05_MN_1798.0_2.0,2024-05-02 17:06:41
1352.0,0.0,0.0,0.0,DUB,2024-05_MN_1528.0_2.0,2024-05-02 17:18:59
1976.0,0.0,0.0,0.0,DUB,2024-05_MN_1470.0_2.0,2024-05-02 17:34:53
1703.0,0.0,0.0,0.0,DUB,2024-05_MN_1564.0_2.0,2024-05-02 17:42:28
611.0,0.0,0.0,0.0,DUB,2024-05_MN_1182.0_2.0,2024-05-02 17:48:09
1872.0,0.0,0.0,0.0,DUB,2024-05_MN_1498.0_2.0,2024-05-02 17:49:19
1001.0,0.0,0.0,0.0,DUB,2024-05_MN_1276.0_2.0,2024-05-02 17:59:34
1443.0,0.0,0.0,0.0,DUB,2024-05_MN_1638.0_2.0,2024-05-02 18:04:34
1625.0,0.0,0.0,0.0,DUB,2024-05_MN_1574.0_2.0,2024-05-02 18:16:31
1380.0,0.0,65.0,0.0,DUB,2024-05_MN_1117.0_3.0,2024-05-02 18:46:37
936.0,0.0,0.0,0.0,DUB,2024-05_MN_1184.0_2.0,2024-05-02 19:11:26
2040.0,1565.0,75.0,0.0,JFK,2024-05_MN_1104.0_2.0,2024-05-02 20:22:42
2340.0,8235.0,75.0,0.0,ORD,2024-05_MN_1122.0_2.0,2024-05-02 20:33:32
2340.0,0.0,65.0,0.0,IAD,2024-05_MN_1116.0_2.0,2024-05-02 20:47:40
2745.0,370.0,75.0,0.0,YYZ,2024-05_MN_1126.0_2.0,2024-05-02 20:55:24
1770.0,0.0,65.0,0.0,EWR,2024-05_MN_1100.0_2.0,2024-05-02 20:56:28
3105.0,2583.0,75.0,0.0,BOS,2024-05_MN_1132.0_2.0,2024-05-02 21:10:39
2520.0,6043.0,75.0,0.0,MCO,2024-05_MN_1034.0_2.0,2024-05-02 21:15:48
1980.0,0.0,65.0,0.0,BDL,2024-05_MN_1130.0_2.0,2024-05-02 21:23:02
1665.0,0.0,65.0,0.0,JFK,2024-05_MN_1110.0_2.0,2024-05-02 21:34:21
2370.0,0.0,65.0,0.0,BOS,2024-05_MN_1134.0_2.0,2024-05-02 22:12:33
2010.0,7042.0,75.0,0.0,JFK,2024-05_MN_1044.0_2.0,2024-05-02 22:36:58
4590.0,1823.0,75.0,0.0,MCO,2024-05_MN_1120.0_3.0,2024-05-02 23:45:50
1530.0,0.0,65.0,0.0,PHL,2024-05_MN_1114.0_3.0,2024-05-03 00:22:52
0.0,0.0,0.0,0.0,NAP,2024-05_MN_1451.0_3.0,2024-05-03 00:39:37
2820.0,5575.0,75.0,0.0,JFK,2024-05_MN_1106.0_3.0,2024-05-03 00:41:53
2295.0,0.0,65.0,0.0,IAD,2024-05_MN_1118.0_3.0,2024-05-03 00:44:23
3135.0,5.0,75.0,0.0,BOS,2024-05_MN_1136.0_3.0,2024-05-03 00:55:08
2355.0,1776.0,75.0,0.0,SFO,2024-05_MN_1060.0_3.0,2024-05-03 01:05:11
2100.0,4450.0,75.0,0.0,ORD,2024-05_MN_1124.0_3.0,2024-05-03 01:20:05
2370.0,3076.0,75.0,0.0,LAX,2024-05_MN_1068.0_3.0,2024-05-03 02:54:52
0.0,0.0,0.0,0.0,IAD,2024-05_MN_1992.0_3.0,2024-05-03 03:41:43
1508.0,0.0,0.0,0.0,DUB,2024-05_MN_1440.0_3.0,2024-05-03 04:37:09
1547.0,0.0,0.0,0.0,DUB,2024-05_MN_1428.0_3.0,2024-05-03 04:39:50
1001.0,0.0,0.0,0.0,DUB,2024-05_MN_1550.0_3.0,2024-05-03 04:48:10
1443.0,0.0,0.0,0.0,DUB,2024-05_MN_1262.0_3.0,2024-05-03 04:55:44
1742.0,0.0,0.0,0.0,DUB,2024-05_MN_1402.0_3.0,2024-05-03 05:03:21
1248.0,113.0,0.0,789.0,DUB,2024-05_MN_1602.0_3.0,2024-05-03 05:04:06
1729.0,536.0,0.0,670.0,DUB,2024-05_MN_1592.0_3.0,2024-05-03 05:08:09
1183.0,0.0,11.0,0.0,DUB,2024-05_MN_1202.0_3.0,2024-05-03 05:15:22
1833.0,0.0,0.0,944.0,DUB,2024-05_MN_1520.0_3.0,2024-05-03 05:29:08
1469.0,0.0,0.0,0.0,DUB,2024-05_MN_1152.0_3.0,2024-05-03 05:29:30
923.0,0.0,0.0,0.0,DUB,2024-05_MN_4250.0_3.0,2024-05-03 05:30:19
1937.0,0.0,0.0,0.0,DUB,2024-05_MN_1562.0_3.0,2024-05-03 05:33:04
1547.0,130.0,0.0,188.0,DUB,2024-05_MN_1630.0_3.0,2024-05-03 05:34:28
1443.0,0.0,0.0,0.0,DUB,2024-05_MN_1352.0_3.0,2024-05-03 05:36:15
1209.0,0.0,0.0,0.0,DUB,2024-05_MN_1692.0_3.0,2024-05-03 05:36:27
1612.0,0.0,0.0,0.0,DUB,2024-05_MN_1650.0_3.0,2024-05-03 05:37:44
1001.0,0.0,0.0,0.0,DUB,2024-05_MN_1332.0_3.0,2024-05-03 05:39:16
1755.0,0.0,0.0,0.0,DUB,2024-05_MN_1506.0_3.0,2024-05-03 05:43:44
1937.0,0.0,0.0,0.0,DUB,2024-05_MN_1776.0_3.0,2024-05-03 05:45:31
1248.0,99.0,0.0,0.0,DUB,2024-05_MN_1660.0_3.0,2024-05-03 05:46:30
1898.0,84.0,0.0,596.0,DUB,2024-05_MN_1432.0_3.0,2024-05-03 05:52:46
3848.0,0.0,0.0,0.0,DUB,2024-05_MN_1580.0_3.0,2024-05-03 05:52:47
1352.0,148.0,0.0,0.0,DUB,2024-05_MN_1342.0_3.0,2024-05-03 05:53:08
1677.0,0.0,0.0,0.0,DUB,2024-05_MN_1450.0_3.0,2024-05-03 06:12:40
1092.0,0.0,0.0,0.0,DUB,2024-05_MN_1154.0_3.0,2024-05-03 06:14:19
1820.0,0.0,0.0,0.0,DUB,2024-05_MN_1476.0_3.0,2024-05-03 06:15:27
3562.0,0.0,0.0,0.0,DUB,2024-05_MN_1492.0_3.0,2024-05-03 06:15:33
1144.0,461.0,0.0,0.0,DUB,2024-05_MN_1642.0_3.0,2024-05-03 06:22:21
2171.0,0.0,0.0,0.0,DUB,2024-05_MN_1422.0_3.0,2024-05-03 06:30:50
1482.0,0.0,0.0,0.0,DUB,2024-05_MN_1156.0_3.0,2024-05-03 07:34:20
2119.0,0.0,0.0,0.0,DUB,2024-05_MN_1582.0_3.0,2024-05-03 07:39:22
1287.0,615.0,0.0,0.0,DUB,2024-05_MN_1158.0_3.0,2024-05-03 08:29:55
1573.0,128.0,0.0,198.0,DUB,2024-05_MN_1524.0_3.0,2024-05-03 08:46:14
1521.0,0.0,0.0,0.0,DUB,2024-05_MN_1604.0_3.0,2024-05-03 08:46:23
0.0,0.0,0.0,0.0,DUB,2024-05_MN_1990.0_3.0,2024-05-03 08:56:52
1274.0,0.0,0.0,0.0,DUB,2024-05_MN_1392.0_3.0,2024-05-03 09:03:46
1469.0,0.0,0.0,0.0,DUB,2024-05_MN_1544.0_3.0,2024-05-03 09:43:23
3225.0,9369.0,75.0,450.0,DUB,2024-05_MN_1105.0_3.0,2024-05-03 09:54:34
1482.0,0.0,0.0,0.0,DUB,2024-05_MN_1162.0_3.0,2024-05-03 09:55:24
3135.0,6088.0,75.0,0.0,DUB,2024-05_MN_1123.0_3.0,2024-05-03 10:02:38
2132.0,0.0,0.0,0.0,DUB,2024-05_MN_1494.0_3.0,2024-05-03 10:24:18
2041.0,0.0,0.0,0.0,DUB,2024-05_MN_1584.0_3.0,2024-05-03 10:24:51
2880.0,4287.0,75.0,0.0,DUB,2024-05_MN_1133.0_3.0,2024-05-03 10:26:18
1417.0,509.0,0.0,0.0,DUB,2024-05_MN_1164.0_3.0,2024-05-03 10:51:00
1768.0,0.0,0.0,0.0,DUB,2024-05_MN_1552.0_3.0,2024-05-03 11:13:26
1261.0,0.0,0.0,0.0,DUB,2024-05_MN_1160.0_3.0,2024-05-03 11:16:07
2670.0,1125.0,150.0,0.0,DUB,2024-05_MN_1061.0_3.0,2024-05-03 11:33:14
1560.0,0.0,0.0,0.0,DUB,2024-05_MN_1748.0_3.0,2024-05-03 11:41:46
1677.0,81.0,370.0,0.0,DUB,2024-05_MN_1208.0_3.0,2024-05-03 11:45:55
1599.0,130.0,0.0,0.0,DUB,2024-05_MN_1526.0_3.0,2024-05-03 11:46:41
1612.0,0.0,0.0,0.0,DUB,2024-05_MN_1742.0_3.0,2024-05-03 11:51:50
2205.0,0.0,65.0,0.0,DUB,2024-05_MN_1101.0_3.0,2024-05-03 11:55:53
1118.0,0.0,0.0,0.0,DUB,2024-05_MN_1538.0_3.0,2024-05-03 12:01:25
0.0,0.0,0.0,0.0,LHR,2024-05_MN_1183.0_3.0,2024-05-03 12:03:35
0.0,0.0,0.0,0.0,LHR,2024-05_MN_1169.0_3.0,2024-05-03 12:04:36
0.0,0.0,0.0,0.0,LHR,2024-05_MN_1175.0_3.0,2024-05-03 12:05:36
0.0,0.0,0.0,0.0,LHR,2024-05_MN_1185.0_3.0,2024-05-03 12:05:36
1274.0,170.0,0.0,0.0,DUB,2024-05_MN_1684.0_3.0,2024-05-03 12:07:33
1222.0,0.0,0.0,0.0,DUB,2024-05_MN_1166.0_3.0,2024-05-03 12:09:01
3795.0,2868.0,75.0,0.0,DUB,2024-05_MN_1127.0_3.0,2024-05-03 12:12:08
1495.0,482.0,0.0,0.0,DUB,2024-05_MN_1608.0_3.0,2024-05-03 12:28:11
1170.0,0.0,55.0,0.0,NOC,2024-05_MN_1916.0_3.0,2024-05-03 12:45:26
1976.0,0.0,0.0,0.0,DUB,2024-05_MN_1462.0_3.0,2024-05-03 12:49:12
1547.0,0.0,0.0,0.0,DUB,2024-05_MN_1634.0_3.0,2024-05-03 12:55:02
900.0,0.0,75.0,0.0,DUB,2024-05_MN_1089.0_3.0,2024-05-03 12:57:15
1320.0,0.0,65.0,0.0,DUB,2024-05_MN_1131.0_3.0,2024-05-03 12:58:54
1794.0,0.0,0.0,0.0,DUB,2024-05_MN_1778.0_3.0,2024-05-03 13:21:17
1781.0,0.0,0.0,0.0,DUB,2024-05_MN_1782.0_3.0,2024-05-03 13:36:28
1118.0,296.0,0.0,0.0,DUB,2024-05_MN_1168.0_3.0,2024-05-03 13:40:54
3465.0,2255.0,150.0,0.0,DUB,2024-05_MN_1053.0_3.0,2024-05-03 13:49:58
2132.0,0.0,0.0,0.0,DUB,2024-05_MN_1764.0_3.0,2024-05-03 13:54:10
0.0,0.0,0.0,0.0,LHR,2024-05_MN_1177.0_3.0,2024-05-03 14:01:36
2160.0,3124.0,150.0,0.0,DUB,2024-05_MN_1069.0_3.0,2024-05-03 14:01:46
1755.0,110.0,0.0,0.0,DUB,2024-05_MN_1406.0_3.0,2024-05-03 14:23:14
1860.0,0.0,65.0,0.0,DUB,2024-05_MN_1087.0_3.0,2024-05-03 14:40:42
1326.0,0.0,0.0,0.0,DUB,2024-05_MN_1174.0_3.0,2024-05-03 14:42:50
1833.0,0.0,0.0,0.0,DUB,2024-05_MN_1586.0_3.0,2024-05-03 14:58:42
1755.0,118.0,0.0,0.0,DUB,2024-05_MN_1356.0_3.0,2024-05-03 14:59:45
1275.0,0.0,65.0,0.0,DUB,2024-05_MN_1115.0_3.0,2024-05-03 15:11:42
1742.0,0.0,0.0,0.0,DUB,2024-05_MN_1496.0_3.0,2024-05-03 15:13:35
3165.0,9330.0,75.0,0.0,DUB,2024-05_MN_1125.0_3.0,2024-05-03 15:18:10
1664.0,123.0,0.0,0.0,DUB,2024-05_MN_1656.0_3.0,2024-05-03 15:25:36
2040.0,0.0,75.0,0.0,DUB,2024-05_MN_1137.0_3.0,2024-05-03 15:25:44
2685.0,0.0,65.0,0.0,DUB,2024-05_MN_1119.0_3.0,2024-05-03 15:29:17
1768.0,0.0,0.0,0.0,DUB,2024-05_MN_1348.0_3.0,2024-05-03 15:29:33
2535.0,4516.0,75.0,0.0,DUB,2024-05_MN_1107.0_3.0,2024-05-03 15:37:33
1300.0,138.0,0.0,0.0,DUB,2024-05_MN_1698.0_3.0,2024-05-03 15:57:42
1183.0,0.0,0.0,0.0,DUB,2024-05_MN_1176.0_3.0,2024-05-03 15:59:51
1040.0,701.0,0.0,0.0,DUB,2024-05_MN_1336.0_3.0,2024-05-03 16:19:16
1261.0,0.0,0.0,0.0,DUB,2024-05_MN_1638.0_3.0,2024-05-03 16:31:19
0.0,0.0,0.0,0.0,DUB,2024-05_MN_1995.0_3.0,2024-05-03 16:35:48
1456.0,223.0,0.0,0.0,DUB,2024-05_MN_1436.0_3.0,2024-05-03 16:42:48
1404.0,136.0,0.0,168.0,DUB,2024-05_MN_1486.0_3.0,2024-05-03 17:09:13
1066.0,0.0,0.0,0.0,DUB,2024-05_MN_1610.0_3.0,2024-05-03 17:09:16
1183.0,0.0,0.0,0.0,DUB,2024-05_MN_1178.0_3.0,2024-05-03 17:20:36
1131.0,156.0,0.0,0.0,DUB,2024-05_MN_1528.0_3.0,2024-05-03 17:20:41
1508.0,0.0,0.0,0.0,DUB,2024-05_MN_1564.0_3.0,2024-05-03 17:40:18
1391.0,0.0,0.0,0.0,DUB,2024-05_MN_1548.0_3.0,2024-05-03 17:41:49
2145.0,0.0,0.0,0.0,DUB,2024-05_MN_1738.0_3.0,2024-05-03 17:43:12
1872.0,0.0,0.0,0.0,DUB,2024-05_MN_1498.0_3.0,2024-05-03 17:51:28
1248.0,0.0,0.0,0.0,DUB,2024-05_MN_1276.0_3.0,2024-05-03 18:01:32
1404.0,0.0,0.0,0.0,DUB,2024-05_MN_1182.0_3.0,2024-05-03 18:14:22
1196.0,0.0,0.0,0.0,DUB,2024-05_MN_1184.0_3.0,2024-05-03 18:48:18
2085.0,6690.0,98.0,0.0,JFK,2024-05_MN_1104.0_3.0,2024-05-03 20:16:07
3405.0,7315.0,75.0,0.0,ORD,2024-05_MN_1122.0_3.0,2024-05-03 20:39:09
2085.0,0.0,153.0,0.0,EWR,2024-05_MN_1100.0_3.0,2024-05-03 20:53:47
3045.0,532.0,75.0,0.0,YYZ,2024-05_MN_1126.0_3.0,2024-05-03 20:54:57
3390.0,631.0,75.0,0.0,BOS,2024-05_MN_1132.0_3.0,2024-05-03 21:04:17
1560.0,0.0,65.0,0.0,BDL,2024-05_MN_1130.0_3.0,2024-05-03 21:22:11
2520.0,0.0,65.0,0.0,IAD,2024-05_MN_1116.0_3.0,2024-05-03 21:24:46
1485.0,0.0,153.0,0.0,JFK,2024-05_MN_1110.0_3.0,2024-05-03 21:45:30
10301030.0,0.0,75.0,0.0,BGI,2024-05_MN_1030.0_3.0,2024-05-03 21:51:24
2115.0,0.0,153.0,0.0,BOS,2024-05_MN_1134.0_3.0,2024-05-03 21:53:23
1605.0,0.0,75.0,0.0,JFK,2024-05_MN_1044.0_3.0,2024-05-03 22:36:12
0.0,0.0,0.0,0.0,VCE,2024-05_MN_1423.0_4.0,2024-05-03 23:04:35
2175.0,0.0,75.0,0.0,MSP,2024-05_MN_1088.0_3.0,2024-05-03 23:31:04
2070.0,0.0,65.0,0.0,IAD,2024-05_MN_1118.0_4.0,2024-05-04 00:11:21
0.0,0.0,0.0,0.0,FCO,2024-05_MN_1403.0_4.0,2024-05-04 00:14:36
2175.0,0.0,65.0,0.0,CLE,2024-05_MN_1086.0_4.0,2024-05-04 00:22:47
0.0,0.0,0.0,0.0,MUC,2024-05_MN_1353.0_4.0,2024-05-04 00:28:35
3210.0,370.0,75.0,0.0,SFO,2024-05_MN_1060.0_4.0,2024-05-04 00:34:16
2760.0,8020.0,723.0,0.0,JFK,2024-05_MN_1106.0_4.0,2024-05-04 00:41:19
1530.0,0.0,65.0,0.0,PHL,2024-05_MN_1114.0_4.0,2024-05-04 00:45:17
3060.0,0.0,75.0,0.0,BOS,2024-05_MN_1136.0_4.0,2024-05-04 00:50:07
3255.0,3464.0,75.0,0.0,SEA,2024-05_MN_1052.0_4.0,2024-05-04 01:27:00
3255.0,5830.0,75.0,0.0,ORD,2024-05_MN_1124.0_4.0,2024-05-04 01:48:00
2955.0,5750.0,75.0,0.0,LAX,2024-05_MN_1068.0_4.0,2024-05-04 02:54:05
1937.0,0.0,0.0,0.0,DUB,2024-05_MN_1440.0_4.0,2024-05-04 04:32:32
1963.0,0.0,0.0,0.0,DUB,2024-05_MN_1506.0_4.0,2024-05-04 04:46:55
1378.0,0.0,0.0,0.0,DUB,2024-05_MN_1450.0_4.0,2024-05-04 04:52:14
949.0,314.0,0.0,0.0,DUB,2024-05_MN_1680.0_4.0,2024-05-04 04:54:11
1300.0,548.0,0.0,248.0,DUB,2024-05_MN_1592.0_4.0,2024-05-04 05:01:45
1833.0,0.0,0.0,0.0,DUB,2024-05_MN_1402.0_4.0,2024-05-04 05:03:18
1300.0,66.0,0.0,819.0,DUB,2024-05_MN_1602.0_4.0,2024-05-04 05:03:23
1339.0,0.0,0.0,318.0,DUB,2024-05_MN_1520.0_4.0,2024-05-04 05:07:36
845.0,0.0,0.0,0.0,DUB,2024-05_MN_1262.0_4.0,2024-05-04 05:08:30
910.0,0.0,0.0,0.0,DUB,2024-05_MN_1152.0_4.0,2024-05-04 05:10:07
858.0,0.0,0.0,0.0,DUB,2024-05_MN_4250.0_4.0,2024-05-04 05:16:43
1040.0,0.0,368.0,0.0,DUB,2024-05_MN_1202.0_4.0,2024-05-04 05:17:32
1183.0,0.0,0.0,0.0,DUB,2024-05_MN_1650.0_4.0,2024-05-04 05:24:32
1326.0,0.0,0.0,0.0,DUB,2024-05_MN_1332.0_4.0,2024-05-04 05:25:10
2093.0,0.0,264.0,0.0,DUB,2024-05_MN_1762.0_4.0,2024-05-04 05:34:25
1599.0,0.0,0.0,516.0,DUB,2024-05_MN_1432.0_4.0,2024-05-04 05:35:26
2366.0,160.0,0.0,0.0,DUB,2024-05_MN_1562.0_4.0,2024-05-04 05:36:03
1105.0,0.0,0.0,0.0,DUB,2024-05_MN_1692.0_4.0,2024-05-04 05:36:12
1183.0,0.0,0.0,0.0,DUB,2024-05_MN_1342.0_4.0,2024-05-04 05:39:58
1079.0,0.0,390.0,481.0,DUB,2024-05_MN_1630.0_4.0,2024-05-04 05:41:24
1911.0,0.0,0.0,0.0,DUB,2024-05_MN_1776.0_4.0,2024-05-04 05:49:10
611.0,0.0,0.0,0.0,DUB,2024-05_MN_1550.0_4.0,2024-05-04 05:50:59
1599.0,60.0,0.0,0.0,DUB,2024-05_MN_1352.0_4.0,2024-05-04 05:53:13
3913.0,0.0,0.0,0.0,DUB,2024-05_MN_1580.0_4.0,2024-05-04 06:02:26
1742.0,99.0,0.0,0.0,DUB,2024-05_MN_1672.0_4.0,2024-05-04 06:04:15
819.0,0.0,0.0,0.0,DUB,2024-05_MN_1154.0_4.0,2024-05-04 06:05:33
1755.0,0.0,0.0,0.0,DUB,2024-05_MN_1476.0_4.0,2024-05-04 06:16:44
3731.0,0.0,0.0,0.0,DUB,2024-05_MN_1492.0_4.0,2024-05-04 06:21:07
1677.0,0.0,0.0,123.0,DUB,2024-05_MN_1482.0_4.0,2024-05-04 06:30:55
1794.0,0.0,0.0,0.0,DUB,2024-05_MN_1422.0_4.0,2024-05-04 06:31:59
0.0,0.0,0.0,0.0,LHR,2024-05_MN_1163.0_4.0,2024-05-04 07:04:38
0.0,0.0,0.0,0.0,LHR,2024-05_MN_1175.0_4.0,2024-05-04 07:05:37
0.0,0.0,0.0,0.0,LHR,2024-05_MN_1183.0_4.0,2024-05-04 07:07:36
0.0,0.0,0.0,0.0,LHR,2024-05_MN_1169.0_4.0,2024-05-04 07:07:37
0.0,0.0,0.0,0.0,LHR,2024-05_MN_1915.0_5.0,2024-05-04 07:21:37
0.0,0.0,0.0,0.0,LHR,2024-05_MN_1161.0_5.0,2024-05-04 07:22:36
0.0,0.0,0.0,0.0,LHR,2024-05_MN_1149.0_5.0,2024-05-04 07:23:37
0.0,0.0,0.0,0.0,LHR,2024-05_MN_1167.0_5.0,2024-05-04 07:24:37
0.0,0.0,0.0,0.0,LHR,2024-05_MN_1179.0_5.0,2024-05-04 07:25:36
0.0,0.0,0.0,0.0,TLS,2024-05_MN_1533.0_5.0,2024-05-04 07:25:36
1339.0,0.0,0.0,0.0,DUB,2024-05_MN_1156.0_4.0,2024-05-04 07:28:15
1898.0,84.0,0.0,0.0,DUB,2024-05_MN_1524.0_4.0,2024-05-04 08:41:42
1924.0,0.0,0.0,0.0,DUB,2024-05_MN_1604.0_4.0,2024-05-04 08:44:14
1378.0,0.0,0.0,0.0,DUB,2024-05_MN_1392.0_4.0,2024-05-04 08:55:45
1274.0,860.0,0.0,0.0,DUB,2024-05_MN_1158.0_4.0,2024-05-04 08:56:23
1859.0,0.0,0.0,0.0,DUB,2024-05_MN_1544.0_4.0,2024-05-04 09:28:56
1547.0,0.0,0.0,0.0,DUB,2024-05_MN_1162.0_4.0,2024-05-04 09:52:44
3135.0,7376.0,75.0,861.0,DUB,2024-05_MN_1105.0_4.0,2024-05-04 09:52:58
2730.0,4610.0,75.0,0.0,DUB,2024-05_MN_1123.0_4.0,2024-05-04 10:16:16
2158.0,0.0,0.0,0.0,DUB,2024-05_MN_1412.0_4.0,2024-05-04 10:21:55
1950.0,0.0,0.0,0.0,DUB,2024-05_MN_1494.0_4.0,2024-05-04 10:30:23
3030.0,4173.0,75.0,0.0,DUB,2024-05_MN_1133.0_4.0,2024-05-04 10:36:32
1651.0,425.0,0.0,0.0,DUB,2024-05_MN_1164.0_4.0,2024-05-04 10:55:02
1209.0,0.0,0.0,0.0,DUB,2024-05_MN_1538.0_4.0,2024-05-04 10:57:34
2132.0,0.0,0.0,0.0,DUB,2024-05_MN_1584.0_4.0,2024-05-04 11:10:48
3345.0,316.0,150.0,0.0,DUB,2024-05_MN_1061.0_4.0,2024-05-04 11:18:34
1300.0,0.0,0.0,0.0,DUB,2024-05_MN_1684.0_4.0,2024-05-04 11:32:51
1495.0,0.0,0.0,0.0,DUB,2024-05_MN_1514.0_4.0,2024-05-04 11:39:24
1638.0,0.0,0.0,0.0,DUB,2024-05_MN_1748.0_4.0,2024-05-04 11:39:30
1287.0,0.0,0.0,0.0,DUB,2024-05_MN_1552.0_4.0,2024-05-04 11:42:46
1599.0,0.0,0.0,0.0,DUB,2024-05_MN_1526.0_4.0,2024-05-04 11:47:08
871.0,0.0,0.0,0.0,NOC,2024-05_MN_1916.0_4.0,2024-05-04 11:48:58
3120.0,5413.0,75.0,0.0,DUB,2024-05_MN_1127.0_4.0,2024-05-04 11:57:21
2430.0,0.0,65.0,0.0,DUB,2024-05_MN_1117.0_4.0,2024-05-04 11:57:57
2400.0,0.0,65.0,0.0,DUB,2024-05_MN_1101.0_4.0,2024-05-04 12:01:26
1508.0,0.0,0.0,0.0,DUB,2024-05_MN_1166.0_4.0,2024-05-04 12:11:32
2171.0,0.0,0.0,0.0,DUB,2024-05_MN_1790.0_4.0,2024-05-04 12:12:00
4395.0,4806.0,75.0,0.0,DUB,2024-05_MN_1121.0_4.0,2024-05-04 12:44:54
1725.0,0.0,65.0,0.0,DUB,2024-05_MN_1131.0_4.0,2024-05-04 12:48:48
1924.0,0.0,0.0,0.0,DUB,2024-05_MN_1446.0_4.0,2024-05-04 12:57:50
1430.0,0.0,0.0,0.0,DUB,2024-05_MN_1510.0_4.0,2024-05-04 13:10:34
2106.0,0.0,0.0,0.0,DUB,2024-05_MN_1778.0_4.0,2024-05-04 13:12:25
1215.0,0.0,75.0,0.0,DUB,2024-05_MN_1089.0_4.0,2024-05-04 13:13:54
1183.0,0.0,0.0,0.0,DUB,2024-05_MN_1168.0_4.0,2024-05-04 13:14:25
1755.0,0.0,176.0,0.0,DUB,2024-05_MN_1782.0_4.0,2024-05-04 13:47:03
1950.0,0.0,0.0,0.0,DUB,2024-05_MN_1764.0_4.0,2024-05-04 13:47:52
3075.0,550.0,150.0,0.0,DUB,2024-05_MN_1069.0_4.0,2024-05-04 14:00:01
1963.0,0.0,0.0,0.0,DUB,2024-05_MN_1798.0_4.0,2024-05-04 14:09:22
2509.0,0.0,176.0,0.0,DUB,2024-05_MN_1438.0_4.0,2024-05-04 14:26:32
1586.0,98.0,0.0,0.0,DUB,2024-05_MN_1406.0_4.0,2024-05-04 14:28:13
1287.0,0.0,0.0,0.0,DUB,2024-05_MN_1174.0_4.0,2024-05-04 14:35:08
2310.0,0.0,65.0,0.0,DUB,2024-05_MN_1119.0_4.0,2024-05-04 15:01:12
1590.0,0.0,153.0,0.0,DUB,2024-05_MN_1115.0_4.0,2024-05-04 15:01:48
2132.0,0.0,0.0,0.0,DUB,2024-05_MN_1376.0_4.0,2024-05-04 15:08:40
2880.0,845.0,75.0,0.0,DUB,2024-05_MN_1107.0_4.0,2024-05-04 15:22:03
3615.0,2260.0,75.0,0.0,DUB,2024-05_MN_1137.0_4.0,2024-05-04 15:22:55
2685.0,2156.0,75.0,0.0,DUB,2024-05_MN_1125.0_4.0,2024-05-04 15:30:02
975.0,0.0,0.0,0.0,DUB,2024-05_MN_1176.0_4.0,2024-05-04 15:35:59
2119.0,0.0,264.0,0.0,DUB,2024-05_MN_1444.0_4.0,2024-05-04 15:54:25
2028.0,0.0,0.0,0.0,DUB,2024-05_MN_1496.0_4.0,2024-05-04 16:14:34
377.0,0.0,264.0,0.0,PGF,2024-05_MN_1511.0_4.0,2024-05-04 16:18:13
2106.0,0.0,0.0,0.0,DUB,2024-05_MN_1698.0_4.0,2024-05-04 16:24:45
1339.0,0.0,0.0,0.0,DUB,2024-05_MN_1336.0_4.0,2024-05-04 16:28:46
1937.0,0.0,0.0,0.0,DUB,2024-05_MN_1586.0_4.0,2024-05-04 16:31:30
1326.0,0.0,0.0,0.0,DUB,2024-05_MN_1528.0_4.0,2024-05-04 16:48:40
832.0,0.0,0.0,0.0,DUB,2024-05_MN_1178.0_4.0,2024-05-04 16:51:52
1014.0,0.0,0.0,0.0,DUB,2024-05_MN_1610.0_4.0,2024-05-04 17:12:33
1911.0,0.0,264.0,0.0,DUB,2024-05_MN_1466.0_4.0,2024-05-04 17:17:06
611.0,0.0,0.0,0.0,DUB,2024-05_MN_1182.0_4.0,2024-05-04 17:26:26
1898.0,0.0,0.0,0.0,DUB,2024-05_MN_1564.0_4.0,2024-05-04 17:39:22
2080.0,0.0,0.0,0.0,DUB,2024-05_MN_1738.0_4.0,2024-05-04 17:45:30
1820.0,0.0,0.0,0.0,DUB,2024-05_MN_1574.0_4.0,2024-05-04 17:53:50
1339.0,0.0,0.0,0.0,DUB,2024-05_MN_1424.0_4.0,2024-05-04 17:54:57
429.0,0.0,0.0,0.0,DUB,2024-05_MN_1184.0_4.0,2024-05-04 18:38:51
2670.0,3795.0,75.0,0.0,JFK,2024-05_MN_1104.0_4.0,2024-05-04 20:14:18
2505.0,7735.0,75.0,0.0,ORD,2024-05_MN_1122.0_4.0,2024-05-04 20:30:45
2355.0,0.0,65.0,0.0,IAD,2024-05_MN_1116.0_4.0,2024-05-04 20:35:06
1995.0,0.0,65.0,0.0,EWR,2024-05_MN_1100.0_4.0,2024-05-04 20:45:44
2880.0,6610.0,75.0,0.0,YYZ,2024-05_MN_1126.0_4.0,2024-05-04 20:55:08
3060.0,5864.0,75.0,0.0,MCO,2024-05_MN_1034.0_4.0,2024-05-04 21:04:07
3285.0,896.0,75.0,0.0,BOS,2024-05_MN_1132.0_4.0,2024-05-04 21:04:55
1605.0,0.0,65.0,0.0,BDL,2024-05_MN_1130.0_4.0,2024-05-04 21:25:47
1485.0,0.0,241.0,0.0,JFK,2024-05_MN_1110.0_4.0,2024-05-04 21:49:48
1335.0,0.0,65.0,0.0,BOS,2024-05_MN_1134.0_4.0,2024-05-04 22:03:31
1680.0,660.0,75.0,0.0,JFK,2024-05_MN_1044.0_4.0,2024-05-04 22:31:04
4740.0,3362.0,75.0,0.0,MCO,2024-05_MN_1120.0_5.0,2024-05-04 23:41:50
1575.0,0.0,75.0,0.0,MSP,2024-05_MN_1088.0_4.0,2024-05-04 23:49:09
1470.0,0.0,241.0,0.0,PHL,2024-05_MN_1114.0_5.0,2024-05-04 23:59:18
2505.0,0.0,65.0,0.0,IAD,2024-05_MN_1118.0_5.0,2024-05-05 00:09:03
2205.0,470.0,75.0,0.0,JFK,2024-05_MN_1106.0_5.0,2024-05-05 00:30:36
2790.0,1054.0,75.0,0.0,SFO,2024-05_MN_1060.0_5.0,2024-05-05 00:33:20
2490.0,0.0,75.0,0.0,BOS,2024-05_MN_1136.0_5.0,2024-05-05 00:58:23
1890.0,7865.0,75.0,0.0,ORD,2024-05_MN_1124.0_5.0,2024-05-05 01:36:57
3225.0,4922.0,75.0,0.0,LAX,2024-05_MN_1068.0_5.0,2024-05-05 02:59:22
1326.0,0.0,0.0,0.0,DUB,2024-05_MN_1428.0_5.0,2024-05-05 04:33:14
455.0,0.0,0.0,0.0,DUB,2024-05_MN_1680.0_5.0,2024-05-05 04:50:18
650.0,0.0,0.0,0.0,DUB,2024-05_MN_1262.0_5.0,2024-05-05 04:53:01
468.0,0.0,0.0,0.0,DUB,2024-05_MN_1550.0_5.0,2024-05-05 04:55:07
1807.0,0.0,0.0,0.0,DUB,2024-05_MN_1602.0_5.0,2024-05-05 04:55:12
1560.0,0.0,0.0,0.0,DUB,2024-05_MN_1450.0_5.0,2024-05-05 05:01:22
1144.0,0.0,0.0,0.0,DUB,2024-05_MN_1152.0_5.0,2024-05-05 05:05:06
936.0,553.0,0.0,505.0,DUB,2024-05_MN_1592.0_5.0,2024-05-05 05:13:24
1105.0,0.0,0.0,0.0,DUB,2024-05_MN_1332.0_5.0,2024-05-05 05:17:14
1196.0,0.0,0.0,0.0,DUB,2024-05_MN_1642.0_5.0,2024-05-05 05:19:52
1118.0,0.0,0.0,0.0,DUB,2024-05_MN_1202.0_5.0,2024-05-05 05:20:19
1664.0,0.0,0.0,0.0,DUB,2024-05_MN_1520.0_5.0,2024-05-05 05:20:54
1352.0,0.0,0.0,0.0,DUB,2024-05_MN_1650.0_5.0,2024-05-05 05:25:27
845.0,0.0,0.0,0.0,DUB,2024-05_MN_1692.0_5.0,2024-05-05 05:30:06
2158.0,0.0,0.0,0.0,DUB,2024-05_MN_1562.0_5.0,2024-05-05 05:32:09
1846.0,0.0,0.0,0.0,DUB,2024-05_MN_1432.0_5.0,2024-05-05 05:32:49
1404.0,89.0,0.0,0.0,DUB,2024-05_MN_1630.0_5.0,2024-05-05 05:36:46
650.0,0.0,0.0,0.0,DUB,2024-05_MN_1532.0_5.0,2024-05-05 05:36:48
1586.0,0.0,0.0,0.0,DUB,2024-05_MN_1482.0_5.0,2024-05-05 05:49:42
2119.0,0.0,0.0,0.0,DUB,2024-05_MN_1776.0_5.0,2024-05-05 05:57:24
1105.0,0.0,0.0,0.0,DUB,2024-05_MN_1154.0_5.0,2024-05-05 05:57:59
1287.0,0.0,0.0,0.0,DUB,2024-05_MN_1352.0_5.0,2024-05-05 05:59:47
1365.0,0.0,0.0,0.0,DUB,2024-05_MN_1660.0_5.0,2024-05-05 06:03:08
3263.0,0.0,0.0,0.0,DUB,2024-05_MN_1492.0_5.0,2024-05-05 06:06:59
3653.0,0.0,0.0,0.0,DUB,2024-05_MN_1580.0_5.0,2024-05-05 06:11:54
1937.0,0.0,0.0,0.0,DUB,2024-05_MN_1422.0_5.0,2024-05-05 06:13:11
1820.0,0.0,0.0,0.0,DUB,2024-05_MN_1476.0_5.0,2024-05-05 06:17:12
2041.0,0.0,0.0,0.0,DUB,2024-05_MN_1762.0_5.0,2024-05-05 06:20:51
2197.0,0.0,0.0,0.0,DUB,2024-05_MN_1402.0_5.0,2024-05-05 06:42:07
702.0,0.0,0.0,0.0,DUB,2024-05_MN_4250.0_5.0,2024-05-05 06:43:44
2067.0,0.0,0.0,0.0,DUB,2024-05_MN_1582.0_5.0,2024-05-05 07:29:49
1326.0,0.0,0.0,0.0,DUB,2024-05_MN_1156.0_5.0,2024-05-05 07:44:07
1547.0,0.0,0.0,0.0,DUB,2024-05_MN_1604.0_5.0,2024-05-05 08:16:44
1807.0,0.0,0.0,0.0,DUB,2024-05_MN_1524.0_5.0,2024-05-05 08:34:05
1677.0,0.0,0.0,0.0,DUB,2024-05_MN_1392.0_5.0,2024-05-05 08:42:57
1716.0,0.0,0.0,0.0,DUB,2024-05_MN_1544.0_5.0,2024-05-05 09:28:38
31105.0,1176.0,75.0,0.0,DUB,2024-05_MN_1105.0_5.0,2024-05-05 09:37:02
2580.0,2216.0,75.0,0.0,DUB,2024-05_MN_1123.0_5.0,2024-05-05 10:11:57
1521.0,0.0,0.0,0.0,DUB,2024-05_MN_1162.0_5.0,2024-05-05 10:19:32
2655.0,3104.0,75.0,0.0,DUB,2024-05_MN_1133.0_5.0,2024-05-05 10:25:10
1846.0,0.0,0.0,0.0,DUB,2024-05_MN_1494.0_5.0,2024-05-05 10:25:26
1898.0,0.0,0.0,0.0,DUB,2024-05_MN_1584.0_5.0,2024-05-05 10:31:11
1677.0,0.0,0.0,0.0,DUB,2024-05_MN_1748.0_5.0,2024-05-05 10:45:58
1027.0,935.0,0.0,0.0,DUB,2024-05_MN_1164.0_5.0,2024-05-05 10:49:17
1274.0,0.0,0.0,0.0,DUB,2024-05_MN_1160.0_5.0,2024-05-05 11:09:16
3135.0,158.0,150.0,0.0,DUB,2024-05_MN_1061.0_5.0,2024-05-05 11:25:37
897.0,408.0,617.0,0.0,DUB,2024-05_MN_1208.0_5.0,2024-05-05 11:29:45
1105.0,99.0,0.0,0.0,DUB,2024-05_MN_1552.0_5.0,2024-05-05 11:30:09
2550.0,0.0,65.0,0.0,DUB,2024-05_MN_1117.0_5.0,2024-05-05 11:35:00
1599.0,105.0,0.0,0.0,DUB,2024-05_MN_1526.0_5.0,2024-05-05 11:44:27
1157.0,0.0,0.0,0.0,DUB,2024-05_MN_1538.0_5.0,2024-05-05 11:51:34
1905.0,0.0,65.0,0.0,DUB,2024-05_MN_1101.0_5.0,2024-05-05 11:52:04
897.0,0.0,0.0,0.0,DUB,2024-05_MN_1684.0_5.0,2024-05-05 11:53:31
1859.0,0.0,0.0,0.0,DUB,2024-05_MN_1462.0_5.0,2024-05-05 12:03:24
1040.0,0.0,0.0,0.0,NOC,2024-05_MN_1916.0_5.0,2024-05-05 12:05:39
3000.0,215.0,75.0,0.0,DUB,2024-05_MN_1127.0_5.0,2024-05-05 12:06:33
1105.0,0.0,0.0,0.0,DUB,2024-05_MN_1166.0_5.0,2024-05-05 12:07:36
1313.0,0.0,0.0,0.0,DUB,2024-05_MN_1742.0_5.0,2024-05-05 12:08:08
1625.0,119.0,0.0,0.0,DUB,2024-05_MN_1608.0_5.0,2024-05-05 12:21:16
3090.0,5065.0,75.0,0.0,DUB,2024-05_MN_1121.0_5.0,2024-05-05 12:34:34
1305.0,0.0,65.0,0.0,DUB,2024-05_MN_1131.0_5.0,2024-05-05 12:41:22
1092.0,0.0,0.0,0.0,DUB,2024-05_MN_1506.0_5.0,2024-05-05 12:45:22
2054.0,0.0,0.0,0.0,DUB,2024-05_MN_1778.0_5.0,2024-05-05 12:57:28
1053.0,0.0,0.0,0.0,DUB,2024-05_MN_1168.0_5.0,2024-05-05 13:20:30
1495.0,0.0,0.0,0.0,DUB,2024-05_MN_1510.0_5.0,2024-05-05 13:21:42
3195.0,1386.0,150.0,0.0,DUB,2024-05_MN_1053.0_5.0,2024-05-05 14:05:20
2340.0,5181.0,150.0,0.0,DUB,2024-05_MN_1069.0_5.0,2024-05-05 14:07:33
2041.0,0.0,0.0,0.0,DUB,2024-05_MN_1798.0_5.0,2024-05-05 14:16:41
2295.0,0.0,65.0,0.0,DUB,2024-05_MN_1087.0_5.0,2024-05-05 14:21:54
1313.0,0.0,0.0,0.0,DUB,2024-05_MN_1406.0_5.0,2024-05-05 14:25:11
1248.0,0.0,0.0,0.0,DUB,2024-05_MN_1174.0_5.0,2024-05-05 14:35:19
1989.0,0.0,0.0,0.0,DUB,2024-05_MN_1736.0_5.0,2024-05-05 15:01:49
1586.0,320.0,0.0,0.0,DUB,2024-05_MN_1356.0_5.0,2024-05-05 15:11:13
2070.0,0.0,65.0,0.0,DUB,2024-05_MN_1119.0_5.0,2024-05-05 15:13:02
1635.0,0.0,65.0,0.0,DUB,2024-05_MN_1115.0_5.0,2024-05-05 15:16:29
2265.0,550.0,75.0,0.0,DUB,2024-05_MN_1125.0_5.0,2024-05-05 15:17:52
1183.0,107.0,0.0,0.0,DUB,2024-05_MN_1656.0_5.0,2024-05-05 15:18:29
2595.0,4916.0,75.0,0.0,DUB,2024-05_MN_1107.0_5.0,2024-05-05 15:20:05
0.0,0.0,0.0,0.0,FAO,2024-05_MN_1497.0_5.0,2024-05-05 15:24:35
3450.0,73.0,75.0,0.0,DUB,2024-05_MN_1137.0_5.0,2024-05-05 15:24:44
1222.0,0.0,0.0,0.0,DUB,2024-05_MN_1348.0_5.0,2024-05-05 15:30:02
1612.0,0.0,0.0,0.0,DUB,2024-05_MN_1698.0_5.0,2024-05-05 16:02:07
1495.0,0.0,0.0,0.0,DUB,2024-05_MN_1336.0_5.0,2024-05-05 16:16:58
312.0,0.0,176.0,0.0,PGF,2024-05_MN_1511.0_5.0,2024-05-05 16:43:15
1742.0,0.0,0.0,0.0,DUB,2024-05_MN_1496.0_5.0,2024-05-05 16:43:57
1378.0,241.0,0.0,0.0,DUB,2024-05_MN_1638.0_5.0,2024-05-05 16:47:15
1183.0,0.0,0.0,0.0,DUB,2024-05_MN_1610.0_5.0,2024-05-05 16:51:28
949.0,0.0,0.0,0.0,DUB,2024-05_MN_1178.0_5.0,2024-05-05 17:07:28
1118.0,152.0,0.0,0.0,DUB,2024-05_MN_1528.0_5.0,2024-05-05 17:09:22
1417.0,0.0,0.0,0.0,DUB,2024-05_MN_1436.0_5.0,2024-05-05 17:16:19
1365.0,0.0,0.0,0.0,DUB,2024-05_MN_1486.0_5.0,2024-05-05 17:19:39
884.0,0.0,0.0,0.0,DUB,2024-05_MN_1564.0_5.0,2024-05-05 17:21:40
1430.0,0.0,0.0,0.0,DUB,2024-05_MN_1588.0_5.0,2024-05-05 17:27:21
767.0,0.0,0.0,0.0,DUB,2024-05_MN_1182.0_5.0,2024-05-05 17:48:30
1716.0,0.0,0.0,0.0,DUB,2024-05_MN_1498.0_5.0,2024-05-05 17:53:58
1794.0,0.0,264.0,0.0,DUB,2024-05_MN_1470.0_5.0,2024-05-05 17:59:53
1235.0,0.0,0.0,0.0,DUB,2024-05_MN_1276.0_5.0,2024-05-05 18:07:19
559.0,0.0,0.0,0.0,DUB,2024-05_MN_1180.0_5.0,2024-05-05 18:12:01
1690.0,0.0,0.0,0.0,DUB,2024-05_MN_1574.0_5.0,2024-05-05 18:17:30
897.0,0.0,0.0,0.0,DUB,2024-05_MN_1184.0_5.0,2024-05-05 18:43:35
2730.0,1.0,75.0,0.0,JFK,2024-05_MN_1104.0_5.0,2024-05-05 20:07:58
3585.0,7176.0,75.0,0.0,ORD,2024-05_MN_1122.0_5.0,2024-05-05 20:39:03
2535.0,0.0,65.0,0.0,IAD,2024-05_MN_1116.0_5.0,2024-05-05 20:50:03
1755.0,0.0,65.0,0.0,EWR,2024-05_MN_1100.0_5.0,2024-05-05 21:01:02
3540.0,4416.0,75.0,0.0,YYZ,2024-05_MN_1126.0_5.0,2024-05-05 21:04:31
2745.0,2004.0,75.0,0.0,BOS,2024-05_MN_1132.0_5.0,2024-05-05 21:16:53
1455.0,0.0,65.0,0.0,BDL,2024-05_MN_1130.0_5.0,2024-05-05 21:32:30
3360.0,0.0,75.0,0.0,BGI,2024-05_MN_1030.0_5.0,2024-05-05 21:37:20
0.0,0.0,0.0,0.0,LHR,2024-05_MN_1153.0_6.0,2024-05-05 22:08:37
0.0,0.0,0.0,0.0,LHR,2024-05_MN_1163.0_6.0,2024-05-05 22:10:35
0.0,0.0,0.0,0.0,LHR,2024-05_MN_1915.0_6.0,2024-05-05 22:13:36
0.0,0.0,0.0,0.0,LHR,2024-05_MN_1161.0_6.0,2024-05-05 22:14:35
0.0,0.0,0.0,0.0,LHR,2024-05_MN_1177.0_6.0,2024-05-05 22:15:36
1860.0,0.0,153.0,0.0,BOS,2024-05_MN_1134.0_5.0,2024-05-05 22:18:22
1410.0,0.0,65.0,0.0,JFK,2024-05_MN_1110.0_5.0,2024-05-05 22:20:47
2850.0,2195.0,75.0,0.0,JFK,2024-05_MN_1044.0_5.0,2024-05-05 22:28:36
2775.0,1469.0,75.0,0.0,MCO,2024-05_MN_1120.0_6.0,2024-05-05 23:25:30
2010.0,0.0,65.0,0.0,CLE,2024-05_MN_1086.0_6.0,2024-05-06 00:11:50
2460.0,0.0,65.0,0.0,IAD,2024-05_MN_1118.0_6.0,2024-05-06 00:24:19
3030.0,81.0,75.0,0.0,SFO,2024-05_MN_1060.0_6.0,2024-05-06 00:26:25
1605.0,0.0,65.0,0.0,PHL,2024-05_MN_1114.0_6.0,2024-05-06 00:28:31
2310.0,0.0,75.0,0.0,BOS,2024-05_MN_1136.0_6.0,2024-05-06 00:34:19
2535.0,0.0,75.0,0.0,JFK,2024-05_MN_1106.0_6.0,2024-05-06 00:56:30
3330.0,0.0,75.0,0.0,ORD,2024-05_MN_1124.0_6.0,2024-05-06 01:40:57
3255.0,2036.0,75.0,0.0,SEA,2024-05_MN_1052.0_6.0,2024-05-06 02:39:31
2280.0,2626.0,75.0,0.0,LAX,2024-05_MN_1068.0_6.0,2024-05-06 02:49:00
0.0,0.0,0.0,0.0,LHR,2024-05_MN_1175.0_7.0,2024-05-06 04:20:38
0.0,0.0,0.0,0.0,LHR,2024-05_MN_1163.0_7.0,2024-05-06 04:21:37
0.0,0.0,0.0,0.0,LHR,2024-05_MN_1153.0_7.0,2024-05-06 04:22:37
0.0,0.0,0.0,0.0,LHR,2024-05_MN_1169.0_7.0,2024-05-06 04:22:37
0.0,0.0,0.0,0.0,LHR,2024-05_MN_1183.0_7.0,2024-05-06 04:23:35
0.0,0.0,0.0,0.0,LHR,2024-05_MN_1159.0_7.0,2024-05-06 04:24:36
1352.0,0.0,0.0,0.0,DUB,2024-05_MN_1660.0_6.0,2024-05-06 04:45:34
507.0,286.0,0.0,0.0,DUB,2024-05_MN_1550.0_6.0,2024-05-06 04:46:26
1859.0,0.0,0.0,0.0,DUB,2024-05_MN_1450.0_6.0,2024-05-06 04:53:35
871.0,0.0,0.0,0.0,DUB,2024-05_MN_1602.0_6.0,2024-05-06 04:54:03
1807.0,0.0,0.0,0.0,DUB,2024-05_MN_1402.0_6.0,2024-05-06 04:57:16
1053.0,100.0,0.0,645.0,DUB,2024-05_MN_1592.0_6.0,2024-05-06 05:03:17
949.0,0.0,0.0,0.0,DUB,2024-05_MN_1202.0_6.0,2024-05-06 05:11:20
988.0,0.0,0.0,0.0,DUB,2024-05_MN_4250.0_6.0,2024-05-06 05:12:50
1131.0,0.0,0.0,0.0,DUB,2024-05_MN_1152.0_6.0,2024-05-06 05:15:15
871.0,0.0,0.0,0.0,DUB,2024-05_MN_1262.0_6.0,2024-05-06 05:17:50
1040.0,0.0,0.0,0.0,DUB,2024-05_MN_1630.0_6.0,2024-05-06 05:21:52
1781.0,128.0,0.0,0.0,DUB,2024-05_MN_1520.0_6.0,2024-05-06 05:22:47
1261.0,0.0,0.0,0.0,DUB,2024-05_MN_1332.0_6.0,2024-05-06 05:25:30
1157.0,0.0,0.0,0.0,DUB,2024-05_MN_1692.0_6.0,2024-05-06 05:26:49
637.0,0.0,0.0,0.0,DUB,2024-05_MN_1506.0_6.0,2024-05-06 05:27:57
1898.0,0.0,264.0,0.0,DUB,2024-05_MN_1562.0_6.0,2024-05-06 05:28:52
819.0,0.0,0.0,0.0,DUB,2024-05_MN_1650.0_6.0,2024-05-06 05:33:07
1027.0,0.0,0.0,0.0,DUB,2024-05_MN_1352.0_6.0,2024-05-06 05:36:35
1430.0,196.0,0.0,0.0,DUB,2024-05_MN_1432.0_6.0,2024-05-06 05:38:15
1066.0,0.0,0.0,0.0,DUB,2024-05_MN_1342.0_6.0,2024-05-06 05:50:25
1144.0,0.0,0.0,0.0,DUB,2024-05_MN_1154.0_6.0,2024-05-06 06:00:10
3614.0,0.0,0.0,0.0,DUB,2024-05_MN_1580.0_6.0,2024-05-06 06:06:26
1950.0,0.0,0.0,0.0,DUB,2024-05_MN_1476.0_6.0,2024-05-06 06:16:19
1287.0,0.0,0.0,0.0,DUB,2024-05_MN_1642.0_6.0,2024-05-06 06:16:32
1768.0,0.0,0.0,0.0,DUB,2024-05_MN_1482.0_6.0,2024-05-06 06:17:54
3900.0,0.0,0.0,0.0,DUB,2024-05_MN_1492.0_6.0,2024-05-06 06:19:18
1378.0,0.0,0.0,0.0,DUB,2024-05_MN_1162.0_7.0,2024-05-06 06:21:49
2093.0,0.0,0.0,0.0,DUB,2024-05_MN_1422.0_6.0,2024-05-06 06:24:53
1820.0,0.0,0.0,0.0,DUB,2024-05_MN_1748.0_7.0,2024-05-06 06:26:07
1820.0,0.0,0.0,0.0,DUB,2024-05_MN_1438.0_7.0,2024-05-06 06:29:08
0.0,0.0,0.0,0.0,LHR,2024-05_MN_1155.0_7.0,2024-05-06 06:31:36
1820.0,0.0,0.0,0.0,DUB,2024-05_MN_1798.0_7.0,2024-05-06 06:31:37
1144.0,0.0,0.0,0.0,DUB,2024-05_MN_1174.0_7.0,2024-05-06 06:32:17
1820.0,0.0,0.0,0.0,DUB,2024-05_MN_1376.0_7.0,2024-05-06 06:32:42
1365.0,0.0,0.0,0.0,DUB,2024-05_MN_1656.0_7.0,2024-05-06 06:34:31
1820.0,0.0,0.0,0.0,DUB,2024-05_MN_1444.0_7.0,2024-05-06 06:34:55
832.0,0.0,0.0,0.0,DUB,2024-05_MN_1176.0_7.0,2024-05-06 06:35:55
2145.0,0.0,0.0,0.0,DUB,2024-05_MN_1776.0_6.0,2024-05-06 06:37:12
1040.0,0.0,0.0,0.0,DUB,2024-05_MN_1182.0_7.0,2024-05-06 06:38:50
1820.0,0.0,0.0,0.0,DUB,2024-05_MN_1498.0_7.0,2024-05-06 06:39:12
923.0,0.0,0.0,0.0,DUB,2024-05_MN_1276.0_7.0,2024-05-06 06:41:49
468.0,0.0,0.0,0.0,DUB,2024-05_MN_1184.0_7.0,2024-05-06 06:42:03
1725.0,0.0,65.0,0.0,DUB,2024-05_MN_1115.0_7.0,2024-05-06 07:24:27
1950.0,0.0,65.0,0.0,DUB,2024-05_MN_1119.0_7.0,2024-05-06 07:24:45
2985.0,0.0,75.0,0.0,DUB,2024-05_MN_1107.0_7.0,2024-05-06 07:25:32
2171.0,0.0,0.0,0.0,DUB,2024-05_MN_1582.0_6.0,2024-05-06 07:27:10
3000.0,0.0,75.0,0.0,DUB,2024-05_MN_1137.0_7.0,2024-05-06 07:28:52
1274.0,0.0,0.0,0.0,DUB,2024-05_MN_1178.0_7.0,2024-05-06 07:29:29
1183.0,0.0,0.0,0.0,DUB,2024-05_MN_1156.0_6.0,2024-05-06 07:40:51
1456.0,279.0,0.0,0.0,DUB,2024-05_MN_1672.0_6.0,2024-05-06 07:56:33
1157.0,1158.0,0.0,0.0,DUB,2024-05_MN_1158.0_6.0,2024-05-06 08:21:50
1300.0,0.0,0.0,0.0,DUB,2024-05_MN_1604.0_6.0,2024-05-06 08:33:20
1924.0,0.0,0.0,0.0,DUB,2024-05_MN_1524.0_6.0,2024-05-06 08:41:42
1365.0,0.0,0.0,0.0,DUB,2024-05_MN_1392.0_6.0,2024-05-06 08:43:08
1820.0,0.0,0.0,0.0,DUB,2024-05_MN_1574.0_7.0,2024-05-06 08:47:37
1339.0,0.0,0.0,0.0,DUB,2024-05_MN_1544.0_6.0,2024-05-06 09:37:24
2730.0,2239.0,75.0,0.0,DUB,2024-05_MN_1105.0_6.0,2024-05-06 09:44:10
1677.0,0.0,0.0,0.0,DUB,2024-05_MN_1162.0_6.0,2024-05-06 09:58:13
2054.0,93.0,0.0,0.0,DUB,2024-05_MN_1584.0_6.0,2024-05-06 10:18:02
2955.0,0.0,75.0,0.0,DUB,2024-05_MN_1123.0_6.0,2024-05-06 10:21:57
2595.0,3156.0,75.0,0.0,DUB,2024-05_MN_1133.0_6.0,2024-05-06 10:25:37
2392.0,0.0,0.0,0.0,DUB,2024-05_MN_1494.0_6.0,2024-05-06 10:36:33
0.0,0.0,0.0,0.0,LHR,2024-05_MN_1169.0_6.0,2024-05-06 10:40:36
0.0,0.0,0.0,0.0,LHR,2024-05_MN_1183.0_6.0,2024-05-06 10:43:35
0.0,0.0,0.0,0.0,LHR,2024-05_MN_1175.0_6.0,2024-05-06 10:44:36
1391.0,530.0,0.0,0.0,DUB,2024-05_MN_1164.0_6.0,2024-05-06 10:46:10
1131.0,0.0,0.0,0.0,DUB,2024-05_MN_1160.0_6.0,2024-05-06 10:56:30
1515.0,0.0,65.0,0.0,DUB,2024-05_MN_1117.0_6.0,2024-05-06 11:23:13
2715.0,1626.0,150.0,0.0,DUB,2024-05_MN_1061.0_6.0,2024-05-06 11:24:29
1430.0,0.0,468.0,0.0,DUB,2024-05_MN_1208.0_6.0,2024-05-06 11:28:30
1638.0,0.0,0.0,0.0,DUB,2024-05_MN_1748.0_6.0,2024-05-06 11:34:15
1443.0,0.0,0.0,0.0,DUB,2024-05_MN_1526.0_6.0,2024-05-06 11:40:16
3090.0,4465.0,75.0,0.0,DUB,2024-05_MN_1127.0_6.0,2024-05-06 11:48:09
1053.0,0.0,0.0,0.0,DUB,2024-05_MN_1684.0_6.0,2024-05-06 11:51:12
1485.0,0.0,65.0,0.0,DUB,2024-05_MN_1101.0_6.0,2024-05-06 11:54:25
806.0,0.0,0.0,0.0,DUB,2024-05_MN_1538.0_6.0,2024-05-06 11:59:49
2015.0,0.0,0.0,0.0,DUB,2024-05_MN_1742.0_6.0,2024-05-06 12:10:34
1131.0,109.0,0.0,0.0,DUB,2024-05_MN_1608.0_6.0,2024-05-06 12:14:57
1209.0,0.0,0.0,0.0,DUB,2024-05_MN_1166.0_6.0,2024-05-06 12:15:37
1560.0,0.0,153.0,0.0,DUB,2024-05_MN_1131.0_6.0,2024-05-06 12:36:27
1612.0,0.0,0.0,0.0,NOC,2024-05_MN_1916.0_6.0,2024-05-06 12:39:45
1065.0,0.0,75.0,0.0,DUB,2024-05_MN_1089.0_6.0,2024-05-06 12:54:50
1131.0,0.0,0.0,0.0,DUB,2024-05_MN_1168.0_6.0,2024-05-06 13:06:15
2145.0,0.0,0.0,0.0,DUB,2024-05_MN_1448.0_6.0,2024-05-06 13:10:50
2392.0,0.0,0.0,0.0,DUB,2024-05_MN_1778.0_6.0,2024-05-06 13:12:49
0.0,0.0,0.0,0.0,DUB,2024-05_MN_1990.0_6.0,2024-05-06 13:29:11
2015.0,0.0,0.0,0.0,DUB,2024-05_MN_1782.0_6.0,2024-05-06 13:41:45
2158.0,0.0,0.0,0.0,DUB,2024-05_MN_1764.0_6.0,2024-05-06 13:42:58
2955.0,406.0,150.0,0.0,DUB,2024-05_MN_1053.0_6.0,2024-05-06 13:56:32
2430.0,1038.0,150.0,0.0,DUB,2024-05_MN_1069.0_6.0,2024-05-06 14:00:17
1378.0,0.0,0.0,0.0,DUB,2024-05_MN_1698.0_7.0,2024-05-06 14:21:36
1690.0,0.0,0.0,0.0,DUB,2024-05_MN_1528.0_7.0,2024-05-06 14:23:38
1620.0,0.0,153.0,0.0,DUB,2024-05_MN_1087.0_6.0,2024-05-06 14:26:06
1651.0,0.0,0.0,0.0,DUB,2024-05_MN_1406.0_6.0,2024-05-06 14:31:24
1326.0,0.0,0.0,0.0,DUB,2024-05_MN_1174.0_6.0,2024-05-06 14:43:56
1275.0,0.0,65.0,0.0,DUB,2024-05_MN_1115.0_6.0,2024-05-06 14:45:03
1469.0,0.0,0.0,0.0,DUB,2024-05_MN_1356.0_6.0,2024-05-06 14:54:32
2040.0,0.0,65.0,0.0,DUB,2024-05_MN_1119.0_6.0,2024-05-06 15:03:04
1937.0,0.0,0.0,0.0,DUB,2024-05_MN_1586.0_6.0,2024-05-06 15:07:14
1980.0,12935.0,75.0,0.0,DUB,2024-05_MN_1107.0_6.0,2024-05-06 15:15:24
1935.0,0.0,75.0,0.0,DUB,2024-05_MN_1137.0_6.0,2024-05-06 15:16:51
2310.0,7030.0,75.0,0.0,DUB,2024-05_MN_1125.0_6.0,2024-05-06 15:25:06
1222.0,0.0,335.0,0.0,DUB,2024-05_MN_1656.0_6.0,2024-05-06 15:25:59
962.0,0.0,0.0,0.0,DUB,2024-05_MN_1348.0_6.0,2024-05-06 15:39:53
0.0,0.0,0.0,0.0,LHR,2024-05_MN_1151.0_7.0,2024-05-06 15:41:36
1365.0,0.0,0.0,0.0,DUB,2024-05_MN_1470.0_7.0,2024-05-06 15:42:35
1872.0,0.0,0.0,0.0,DUB,2024-05_MN_1526.0_7.0,2024-05-06 15:42:38
2106.0,0.0,0.0,0.0,DUB,2024-05_MN_1736.0_6.0,2024-05-06 15:59:06
1079.0,0.0,0.0,0.0,DUB,2024-05_MN_1698.0_6.0,2024-05-06 16:05:44
845.0,0.0,0.0,0.0,DUB,2024-05_MN_1336.0_6.0,2024-05-06 16:12:26
1183.0,0.0,0.0,0.0,DUB,2024-05_MN_1638.0_6.0,2024-05-06 16:20:36
1287.0,0.0,0.0,0.0,DUB,2024-05_MN_1176.0_6.0,2024-05-06 16:36:35
1131.0,0.0,0.0,0.0,DUB,2024-05_MN_1436.0_6.0,2024-05-06 16:40:19
1092.0,0.0,0.0,0.0,DUB,2024-05_MN_1178.0_6.0,2024-05-06 16:43:43
1209.0,0.0,195.0,0.0,DUB,2024-05_MN_1610.0_6.0,2024-05-06 17:02:52
1209.0,0.0,176.0,0.0,DUB,2024-05_MN_1564.0_6.0,2024-05-06 17:26:54
1053.0,0.0,0.0,0.0,DUB,2024-05_MN_1182.0_6.0,2024-05-06 17:35:12
1430.0,0.0,932.0,0.0,DUB,2024-05_MN_1528.0_6.0,2024-05-06 17:37:53
1144.0,217.0,0.0,0.0,DUB,2024-05_MN_1276.0_6.0,2024-05-06 17:53:17
1898.0,0.0,0.0,0.0,DUB,2024-05_MN_1498.0_6.0,2024-05-06 17:59:44
1976.0,0.0,0.0,0.0,DUB,2024-05_MN_1574.0_6.0,2024-05-06 18:16:45
1131.0,0.0,0.0,0.0,DUB,2024-05_MN_1184.0_6.0,2024-05-06 18:39:10
2790.0,965.0,795.0,0.0,JFK,2024-05_MN_1104.0_6.0,2024-05-06 20:22:43
2610.0,425.0,75.0,0.0,ORD,2024-05_MN_1122.0_6.0,2024-05-06 20:33:48
2670.0,563.0,75.0,0.0,BOS,2024-05_MN_1132.0_6.0,2024-05-06 20:56:42
1590.0,0.0,65.0,0.0,EWR,2024-05_MN_1100.0_6.0,2024-05-06 21:06:37
2175.0,0.0,65.0,0.0,IAD,2024-05_MN_1116.0_6.0,2024-05-06 21:07:00
3015.0,0.0,75.0,0.0,YYZ,2024-05_MN_1126.0_6.0,2024-05-06 21:15:45
1785.0,0.0,65.0,0.0,BDL,2024-05_MN_1130.0_6.0,2024-05-06 21:26:33
2940.0,0.0,75.0,0.0,MCO,2024-05_MN_1034.0_6.0,2024-05-06 21:32:57
1800.0,0.0,65.0,0.0,BOS,2024-05_MN_1134.0_6.0,2024-05-06 22:07:45
2670.0,0.0,65.0,0.0,JFK,2024-05_MN_1110.0_6.0,2024-05-06 22:19:01
3000.0,570.0,75.0,0.0,JFK,2024-05_MN_1044.0_6.0,2024-05-06 22:42:17
1740.0,0.0,75.0,0.0,MSP,2024-05_MN_1088.0_6.0,2024-05-06 23:59:23
0.0,0.0,0.0,0.0,BOS,2024-05_MN_1134.0_8.0,2024-05-07 00:03:36
0.0,0.0,0.0,0.0,JFK,2024-05_MN_1110.0_8.0,2024-05-07 00:04:36
0.0,0.0,0.0,0.0,LHR,2024-05_MN_1381.0_8.0,2024-05-07 00:04:36
1980.0,0.0,65.0,0.0,CLE,2024-05_MN_1086.0_7.0,2024-05-07 00:12:36
1500.0,0.0,65.0,0.0,PHL,2024-05_MN_1114.0_7.0,2024-05-07 00:13:50
2970.0,104.0,75.0,0.0,SFO,2024-05_MN_1060.0_7.0,2024-05-07 00:23:20
3435.0,26.0,192.0,0.0,JFK,2024-05_MN_1106.0_7.0,2024-05-07 00:46:08
2595.0,0.0,75.0,0.0,BOS,2024-05_MN_1136.0_7.0,2024-05-07 00:56:03
2310.0,0.0,65.0,0.0,IAD,2024-05_MN_1118.0_7.0,2024-05-07 01:01:10
2940.0,364.0,75.0,0.0,SEA,2024-05_MN_1052.0_7.0,2024-05-07 01:34:48
2565.0,1042.0,75.0,0.0,ORD,2024-05_MN_1124.0_7.0,2024-05-07 01:39:32
2610.0,185.0,75.0,0.0,LAX,2024-05_MN_1068.0_7.0,2024-05-07 02:59:54
1664.0,0.0,0.0,0.0,DUB,2024-05_MN_1440.0_7.0,2024-05-07 04:38:11
1053.0,129.0,0.0,0.0,DUB,2024-05_MN_1592.0_7.0,2024-05-07 04:52:27
403.0,0.0,0.0,0.0,DUB,2024-05_MN_1680.0_7.0,2024-05-07 04:56:28
390.0,0.0,0.0,0.0,DUB,2024-05_MN_1262.0_7.0,2024-05-07 05:01:18
767.0,0.0,0.0,0.0,DUB,2024-05_MN_1602.0_7.0,2024-05-07 05:02:32
611.0,0.0,0.0,0.0,DUB,2024-05_MN_1152.0_7.0,2024-05-07 05:04:09
1820.0,0.0,0.0,0.0,DUB,2024-05_MN_1402.0_7.0,2024-05-07 05:06:16
1768.0,0.0,0.0,0.0,DUB,2024-05_MN_1450.0_7.0,2024-05-07 05:07:18
741.0,139.0,0.0,0.0,DUB,2024-05_MN_1202.0_7.0,2024-05-07 05:13:52
1560.0,0.0,0.0,0.0,DUB,2024-05_MN_1520.0_7.0,2024-05-07 05:16:20
728.0,98.0,0.0,0.0,DUB,2024-05_MN_1692.0_7.0,2024-05-07 05:21:58
351.0,0.0,0.0,0.0,DUB,2024-05_MN_4250.0_7.0,2024-05-07 05:25:15
858.0,0.0,0.0,0.0,DUB,2024-05_MN_1332.0_7.0,2024-05-07 05:26:09
780.0,0.0,323.0,0.0,DUB,2024-05_MN_1650.0_7.0,2024-05-07 05:28:20
1846.0,0.0,0.0,0.0,DUB,2024-05_MN_1406.0_7.0,2024-05-07 05:28:37
2236.0,0.0,0.0,0.0,DUB,2024-05_MN_1562.0_7.0,2024-05-07 05:29:00
1079.0,0.0,311.0,0.0,DUB,2024-05_MN_1630.0_7.0,2024-05-07 05:32:47
325.0,0.0,0.0,0.0,DUB,2024-05_MN_1532.0_7.0,2024-05-07 05:33:04
1586.0,0.0,335.0,0.0,DUB,2024-05_MN_1432.0_7.0,2024-05-07 05:41:03
1482.0,0.0,0.0,0.0,DUB,2024-05_MN_1336.0_7.0,2024-05-07 05:43:36
3627.0,0.0,0.0,0.0,DUB,2024-05_MN_1580.0_7.0,2024-05-07 05:46:57
819.0,0.0,0.0,0.0,DUB,2024-05_MN_1342.0_7.0,2024-05-07 05:49:07
1820.0,0.0,0.0,0.0,DUB,2024-05_MN_1736.0_7.0,2024-05-07 05:52:37
1157.0,139.0,0.0,0.0,DUB,2024-05_MN_1352.0_7.0,2024-05-07 05:53:44
1833.0,0.0,0.0,0.0,DUB,2024-05_MN_1586.0_7.0,2024-05-07 05:54:35
1391.0,0.0,0.0,0.0,DUB,2024-05_MN_1352.0_8.0,2024-05-07 05:55:22
1274.0,0.0,0.0,0.0,DUB,2024-05_MN_1154.0_8.0,2024-05-07 05:56:01
2430.0,4901.0,75.0,0.0,DUB,2024-05_MN_1133.0_7.0,2024-05-07 05:57:07
2040.0,0.0,65.0,0.0,DUB,2024-05_MN_1101.0_8.0,2024-05-07 05:59:24
1215.0,0.0,65.0,0.0,DUB,2024-05_MN_1131.0_8.0,2024-05-07 06:00:17
1404.0,0.0,0.0,0.0,NOC,2024-05_MN_1916.0_7.0,2024-05-07 06:00:47
2040.0,0.0,65.0,0.0,DUB,2024-05_MN_1119.0_8.0,2024-05-07 06:02:34
1305.0,0.0,65.0,0.0,DUB,2024-05_MN_1115.0_8.0,2024-05-07 06:03:45
1755.0,0.0,65.0,0.0,DUB,2024-05_MN_1117.0_8.0,2024-05-07 06:04:32
2130.0,0.0,65.0,0.0,DUB,2024-05_MN_1087.0_8.0,2024-05-07 06:05:18
3120.0,0.0,0.0,0.0,DUB,2024-05_MN_1580.0_8.0,2024-05-07 06:07:28
3120.0,0.0,0.0,0.0,DUB,2024-05_MN_1492.0_8.0,2024-05-07 06:08:07
3420.0,0.0,75.0,0.0,DUB,2024-05_MN_1105.0_8.0,2024-05-07 06:08:46
2880.0,0.0,75.0,0.0,DUB,2024-05_MN_1123.0_8.0,2024-05-07 06:09:57
2325.0,0.0,75.0,0.0,DUB,2024-05_MN_1133.0_8.0,2024-05-07 06:10:58
1729.0,0.0,0.0,0.0,DUB,2024-05_MN_1466.0_7.0,2024-05-07 06:12:08
1404.0,106.0,0.0,0.0,DUB,2024-05_MN_1642.0_7.0,2024-05-07 06:12:12
3809.0,0.0,0.0,0.0,DUB,2024-05_MN_1492.0_7.0,2024-05-07 06:13:52
3255.0,0.0,150.0,0.0,DUB,2024-05_MN_1053.0_8.0,2024-05-07 06:15:13
663.0,0.0,0.0,0.0,DUB,2024-05_MN_1154.0_7.0,2024-05-07 06:15:41
2130.0,0.0,150.0,0.0,DUB,2024-05_MN_1069.0_8.0,2024-05-07 06:15:51
2130.0,0.0,75.0,0.0,DUB,2024-05_MN_1125.0_8.0,2024-05-07 06:16:18
2160.0,0.0,75.0,0.0,DUB,2024-05_MN_1137.0_8.0,2024-05-07 06:16:43
3360.0,0.0,147.0,0.0,DUB,2024-05_MN_1107.0_8.0,2024-05-07 06:18:22
2055.0,0.0,75.0,0.0,DUB,2024-05_MN_1089.0_8.0,2024-05-07 06:20:19
1620.0,0.0,150.0,0.0,DUB,2024-05_MN_1061.0_8.0,2024-05-07 06:21:07
3405.0,0.0,75.0,0.0,DUB,2024-05_MN_1127.0_8.0,2024-05-07 06:21:50
1404.0,296.0,0.0,0.0,DUB,2024-05_MN_1672.0_7.0,2024-05-07 06:21:55
1651.0,0.0,0.0,0.0,DUB,2024-05_MN_1476.0_7.0,2024-05-07 06:22:11
2670.0,102.0,150.0,0.0,DUB,2024-05_MN_1061.0_7.0,2024-05-07 06:30:06
1820.0,0.0,0.0,0.0,DUB,2024-05_MN_1428.0_8.0,2024-05-07 06:35:17
1833.0,0.0,0.0,0.0,DUB,2024-05_MN_1422.0_7.0,2024-05-07 06:35:19
936.0,0.0,0.0,0.0,DUB,2024-05_MN_1602.0_8.0,2024-05-07 06:35:53
1430.0,0.0,0.0,0.0,DUB,2024-05_MN_1550.0_8.0,2024-05-07 06:36:11
1391.0,0.0,0.0,0.0,DUB,2024-05_MN_1402.0_8.0,2024-05-07 06:36:31
1586.0,0.0,0.0,0.0,DUB,2024-05_MN_1592.0_8.0,2024-05-07 06:36:50
923.0,0.0,0.0,0.0,DUB,2024-05_MN_1262.0_8.0,2024-05-07 06:37:06
650.0,0.0,0.0,0.0,DUB,2024-05_MN_1202.0_8.0,2024-05-07 06:37:24
1222.0,0.0,0.0,0.0,DUB,2024-05_MN_1152.0_8.0,2024-05-07 06:37:47
910.0,0.0,0.0,0.0,DUB,2024-05_MN_1332.0_8.0,2024-05-07 06:38:05
923.0,0.0,0.0,0.0,DUB,2024-05_MN_4250.0_8.0,2024-05-07 06:38:36
1053.0,0.0,0.0,0.0,DUB,2024-05_MN_1520.0_8.0,2024-05-07 06:38:56
1157.0,0.0,311.0,0.0,DUB,2024-05_MN_1630.0_8.0,2024-05-07 06:39:53
1404.0,0.0,335.0,0.0,DUB,2024-05_MN_1432.0_8.0,2024-05-07 06:40:45
1365.0,0.0,0.0,0.0,DUB,2024-05_MN_1506.0_8.0,2024-05-07 06:41:12
936.0,0.0,0.0,0.0,DUB,2024-05_MN_1342.0_8.0,2024-05-07 06:41:29
1365.0,0.0,0.0,0.0,DUB,2024-05_MN_1660.0_8.0,2024-05-07 06:41:46
1560.0,0.0,0.0,0.0,DUB,2024-05_MN_1642.0_8.0,2024-05-07 06:42:04
1820.0,0.0,0.0,0.0,DUB,2024-05_MN_1476.0_8.0,2024-05-07 06:42:22
1820.0,0.0,0.0,0.0,DUB,2024-05_MN_1422.0_8.0,2024-05-07 06:42:42
1820.0,0.0,0.0,0.0,DUB,2024-05_MN_1776.0_8.0,2024-05-07 06:42:58
1820.0,0.0,0.0,0.0,DUB,2024-05_MN_1582.0_8.0,2024-05-07 06:43:15
1391.0,0.0,0.0,0.0,DUB,2024-05_MN_1562.0_8.0,2024-05-07 06:43:37
1027.0,0.0,0.0,0.0,DUB,2024-05_MN_1156.0_8.0,2024-05-07 06:43:43
988.0,0.0,0.0,0.0,DUB,2024-05_MN_1158.0_8.0,2024-05-07 06:44:07
1846.0,0.0,0.0,0.0,DUB,2024-05_MN_1524.0_8.0,2024-05-07 06:44:24
1378.0,0.0,0.0,0.0,DUB,2024-05_MN_1604.0_8.0,2024-05-07 06:44:46
1365.0,0.0,0.0,0.0,DUB,2024-05_MN_1404.0_8.0,2024-05-07 06:45:29
1495.0,0.0,323.0,0.0,DUB,2024-05_MN_1650.0_8.0,2024-05-07 06:45:36
1365.0,0.0,0.0,0.0,DUB,2024-05_MN_1544.0_8.0,2024-05-07 06:45:40
611.0,0.0,0.0,0.0,DUB,2024-05_MN_1162.0_8.0,2024-05-07 06:45:50
1729.0,0.0,0.0,0.0,DUB,2024-05_MN_1494.0_8.0,2024-05-07 06:46:00
1716.0,0.0,0.0,0.0,DUB,2024-05_MN_1584.0_8.0,2024-05-07 06:46:08
1027.0,0.0,0.0,0.0,DUB,2024-05_MN_1164.0_8.0,2024-05-07 06:46:19
988.0,0.0,0.0,0.0,DUB,2024-05_MN_1160.0_8.0,2024-05-07 06:46:28
923.0,0.0,0.0,0.0,DUB,2024-05_MN_1208.0_8.0,2024-05-07 06:46:37
1716.0,0.0,0.0,0.0,DUB,2024-05_MN_1526.0_8.0,2024-05-07 06:46:53
1638.0,0.0,0.0,0.0,DUB,2024-05_MN_1748.0_8.0,2024-05-07 06:47:03
1391.0,0.0,0.0,0.0,DUB,2024-05_MN_1684.0_8.0,2024-05-07 06:47:16
1508.0,0.0,0.0,0.0,DUB,2024-05_MN_1538.0_8.0,2024-05-07 06:47:26
1547.0,0.0,0.0,0.0,DUB,2024-05_MN_1742.0_8.0,2024-05-07 06:47:35
884.0,0.0,0.0,0.0,DUB,2024-05_MN_1166.0_8.0,2024-05-07 06:47:48
1313.0,0.0,0.0,0.0,DUB,2024-05_MN_1608.0_8.0,2024-05-07 06:48:00
1820.0,0.0,0.0,0.0,DUB,2024-05_MN_1462.0_8.0,2024-05-07 06:48:23
1651.0,0.0,0.0,0.0,DUB,2024-05_MN_1446.0_8.0,2024-05-07 06:48:33
1625.0,0.0,0.0,0.0,DUB,2024-05_MN_1778.0_8.0,2024-05-07 06:48:47
1209.0,0.0,0.0,0.0,DUB,2024-05_MN_1510.0_8.0,2024-05-07 06:48:56
1391.0,0.0,0.0,0.0,DUB,2024-05_MN_1406.0_8.0,2024-05-07 06:49:16
1053.0,0.0,0.0,0.0,DUB,2024-05_MN_1174.0_8.0,2024-05-07 06:49:26
1612.0,0.0,0.0,0.0,DUB,2024-05_MN_1736.0_8.0,2024-05-07 06:49:36
1703.0,0.0,0.0,0.0,DUB,2024-05_MN_1586.0_8.0,2024-05-07 06:49:46
1170.0,0.0,0.0,0.0,DUB,2024-05_MN_1356.0_8.0,2024-05-07 06:49:56
1690.0,0.0,0.0,0.0,DUB,2024-05_MN_1496.0_8.0,2024-05-07 06:50:05
1183.0,0.0,0.0,0.0,DUB,2024-05_MN_1656.0_8.0,2024-05-07 06:50:13
520.0,0.0,0.0,0.0,DUB,2024-05_MN_1176.0_8.0,2024-05-07 06:50:24
1313.0,0.0,0.0,0.0,DUB,2024-05_MN_1698.0_8.0,2024-05-07 06:50:31
1651.0,0.0,0.0,0.0,DUB,2024-05_MN_1638.0_8.0,2024-05-07 06:51:36
1066.0,0.0,0.0,0.0,DUB,2024-05_MN_1178.0_8.0,2024-05-07 06:52:03
923.0,0.0,0.0,0.0,DUB,2024-05_MN_1610.0_8.0,2024-05-07 06:52:17
1196.0,0.0,0.0,0.0,DUB,2024-05_MN_1528.0_8.0,2024-05-07 06:52:28
1703.0,0.0,0.0,0.0,DUB,2024-05_MN_1486.0_8.0,2024-05-07 06:52:37
1118.0,0.0,0.0,0.0,DUB,2024-05_MN_1182.0_8.0,2024-05-07 06:52:51
1079.0,0.0,0.0,0.0,DUB,2024-05_MN_1276.0_8.0,2024-05-07 06:53:00
1703.0,0.0,0.0,0.0,DUB,2024-05_MN_1574.0_8.0,2024-05-07 06:53:08
481.0,0.0,0.0,0.0,DUB,2024-05_MN_1184.0_8.0,2024-05-07 06:53:19
1716.0,0.0,0.0,0.0,DUB,2024-05_MN_1764.0_8.0,2024-05-07 06:55:37
1500.0,0.0,65.0,0.0,DUB,2024-05_MN_1131.0_7.0,2024-05-07 07:00:24
2405.0,0.0,0.0,0.0,DUB,2024-05_MN_1582.0_7.0,2024-05-07 07:32:40
780.0,0.0,0.0,0.0,DUB,2024-05_MN_1156.0_7.0,2024-05-07 07:39:55
2475.0,2820.0,75.0,0.0,DUB,2024-05_MN_1123.0_7.0,2024-05-07 07:51:02
1820.0,0.0,0.0,0.0,DUB,2024-05_MN_1494.0_7.0,2024-05-07 07:58:25
1820.0,0.0,0.0,0.0,DUB,2024-05_MN_1584.0_7.0,2024-05-07 07:59:22
1846.0,0.0,335.0,0.0,DUB,2024-05_MN_1486.0_7.0,2024-05-07 08:00:46
2190.0,0.0,65.0,0.0,DUB,2024-05_MN_1117.0_7.0,2024-05-07 08:01:35
1378.0,0.0,0.0,0.0,DUB,2024-05_MN_1514.0_7.0,2024-05-07 08:02:43
962.0,0.0,370.0,0.0,DUB,2024-05_MN_1208.0_7.0,2024-05-07 08:05:58
1875.0,0.0,65.0,0.0,DUB,2024-05_MN_1101.0_7.0,2024-05-07 08:21:22
1365.0,0.0,299.0,0.0,DUB,2024-05_MN_1544.0_7.0,2024-05-07 08:25:20
1365.0,762.0,0.0,0.0,DUB,2024-05_MN_1158.0_7.0,2024-05-07 08:29:48
3900.0,5117.0,75.0,0.0,DUB,2024-05_MN_1127.0_7.0,2024-05-07 08:31:14
1443.0,0.0,0.0,0.0,DUB,2024-05_MN_1608.0_7.0,2024-05-07 08:32:04
2880.0,2570.0,75.0,0.0,DUB,2024-05_MN_1121.0_7.0,2024-05-07 08:36:30
1651.0,0.0,0.0,0.0,DUB,2024-05_MN_1524.0_7.0,2024-05-07 08:36:48
1404.0,0.0,0.0,0.0,DUB,2024-05_MN_1610.0_7.0,2024-05-07 08:45:38
1417.0,0.0,0.0,0.0,DUB,2024-05_MN_1604.0_7.0,2024-05-07 08:48:30
1482.0,0.0,0.0,0.0,DUB,2024-05_MN_1168.0_7.0,2024-05-07 08:49:03
2171.0,0.0,0.0,0.0,DUB,2024-05_MN_1778.0_7.0,2024-05-07 08:50:41
1365.0,0.0,0.0,0.0,DUB,2024-05_MN_1412.0_7.0,2024-05-07 08:51:40
1950.0,2126.0,150.0,0.0,DUB,2024-05_MN_1069.0_7.0,2024-05-07 08:54:08
1105.0,0.0,0.0,0.0,DUB,2024-05_MN_1392.0_7.0,2024-05-07 08:57:46
2119.0,0.0,0.0,0.0,DUB,2024-05_MN_1764.0_7.0,2024-05-07 08:59:32
1040.0,500.0,0.0,0.0,DUB,2024-05_MN_1164.0_7.0,2024-05-07 09:08:39
923.0,0.0,0.0,0.0,DUB,2024-05_MN_1564.0_7.0,2024-05-07 09:16:36
1820.0,0.0,0.0,0.0,DUB,2024-05_MN_1552.0_7.0,2024-05-07 09:17:37
2220.0,7157.0,75.0,0.0,DUB,2024-05_MN_1125.0_7.0,2024-05-07 09:23:17
3195.0,722.0,75.0,0.0,DUB,2024-05_MN_1105.0_7.0,2024-05-07 09:24:46
