Unnamed: 0,id,creation_time,flight_number,flight_date,departure_airport,action_name
0,375119858,2024-04-30 04:22:41,6075,30,BVB,AutomaticNotificationAction
1,375119859,2024-04-30 04:22:41,6075,30,BVB,AutomaticNotificationAction
2,375120627,2024-04-30 05:02:44,119,30,NAT,AutomaticNotificationAction
3,375120699,2024-04-30 04:17:43,5027,30,SSA,AutoLoadBulkAction
4,375120700,2024-04-30 04:17:43,5027,30,SSA,AssignLoadplanAction
5,375120703,2024-04-30 04:17:43,5027,30,SSA,AutoLoadBulkAction
33,375122962,2024-04-30 04:32:44,119,30,NAT,AutoLoadBulkAction
34,375122963,2024-04-30 04:32:44,119,30,NAT,AssignLoadplanAction
35,375122966,2024-04-30 04:32:44,119,30,NAT,AutoLoadBulkAction
37,375122969,2024-04-30 04:42:42,5027,30,SSA,AutomaticNotificationAction
38,375122970,2024-04-30 04:42:42,5027,30,SSA,AutomaticNotificationAction
54,375123488,2024-04-30 05:02:44,119,30,NAT,AutomaticNotificationAction
6111,375192725,2024-05-01 00:47:27,119,30,NAT,AutomaticNotificationAction
6112,375192726,2024-05-01 00:47:27,119,30,NAT,AutomaticNotificationAction
6142,375192849,2024-05-01 00:47:21,119,30,NAT,AutoLoadBulkAction
6143,375192850,2024-05-01 00:47:21,119,30,NAT,AssignLoadplanAction
6144,375192853,2024-05-01 00:47:21,119,30,NAT,AutoLoadBulkAction
6367,375194013,2024-05-01 00:47:48,6075,30,BVB,AutoLoadBulkAction
6368,375194014,2024-05-01 00:47:48,6075,30,BVB,AssignLoadplanAction
6369,375194017,2024-05-01 00:47:48,6075,30,BVB,AutoLoadBulkAction
6394,375194164,2024-05-01 00:47:49,6075,30,BVB,AutomaticNotificationAction
6395,375194165,2024-05-01 00:47:49,6075,30,BVB,AutomaticNotificationAction
7974,375202340,2024-05-01 03:54:20,6075,1,BVB,AutoLoadBulkAction
7975,375202341,2024-05-01 03:54:20,6075,1,BVB,AssignLoadplanAction
7976,375202344,2024-05-01 03:54:20,6075,1,BVB,AutoLoadBulkAction
8012,375204792,2024-05-01 04:24:38,6075,1,BVB,AutomaticNotificationAction
8013,375204793,2024-05-01 04:24:38,6075,1,BVB,AutomaticNotificationAction
8022,375204954,2024-05-01 04:19:42,5027,1,SSA,AutoLoadBulkAction
8023,375204955,2024-05-01 04:19:42,5027,1,SSA,AssignLoadplanAction
8024,375204958,2024-05-01 04:19:42,5027,1,SSA,AutoLoadBulkAction
8039,375205076,2024-05-01 04:44:40,5027,1,SSA,AutomaticNotificationAction
8040,375205077,2024-05-01 04:44:40,5027,1,SSA,AutomaticNotificationAction
10894,375253017,2024-05-02 03:55:04,6075,2,BVB,AutoLoadBulkAction
10895,375253018,2024-05-02 03:55:04,6075,2,BVB,AssignLoadplanAction
10896,375253021,2024-05-02 03:55:04,6075,2,BVB,AutoLoadBulkAction
10941,375255670,2024-05-02 04:22:03,6075,2,BVB,AutomaticNotificationAction
10942,375255671,2024-05-02 04:22:03,6075,2,BVB,AutomaticNotificationAction
13949,375289488,2024-05-03 07:39:36,6075,3,BVB,AutoLoadBulkAction
13950,375289489,2024-05-03 07:39:36,6075,3,BVB,AssignLoadplanAction
13951,375289492,2024-05-03 07:39:36,6075,3,BVB,AutoLoadBulkAction
13956,375289550,2024-05-03 07:39:39,6075,3,BVB,AutomaticNotificationAction
13957,375289551,2024-05-03 07:39:39,6075,3,BVB,AutomaticNotificationAction
15666,375340643,2024-05-03 12:33:47,6075,3,BVB,AutoLoadBulkAction
15667,375340644,2024-05-03 12:33:47,6075,3,BVB,AssignLoadplanAction
15668,375340647,2024-05-03 12:33:47,6075,3,BVB,AutoLoadBulkAction
15788,375341170,2024-05-03 12:33:49,6075,3,BVB,AutomaticNotificationAction
15789,375341171,2024-05-03 12:33:49,6075,3,BVB,AutomaticNotificationAction
22380,375435624,2024-05-05 03:54:27,6075,5,BVB,AutoLoadBulkAction
22381,375435625,2024-05-05 03:54:27,6075,5,BVB,AssignLoadplanAction
22393,375436148,2024-05-05 03:54:27,6075,5,BVB,AutoLoadBulkAction
22429,375437892,2024-05-05 04:21:33,6075,5,BVB,AutomaticNotificationAction
22430,375437893,2024-05-05 04:21:33,6075,5,BVB,AutomaticNotificationAction
26647,375529969,2024-05-06 13:39:20,6075,6,BVB,AutoLoadBulkAction
26648,375529970,2024-05-06 13:39:20,6075,6,BVB,AssignLoadplanAction
26649,375529973,2024-05-06 13:39:20,6075,6,BVB,AutoLoadBulkAction
26723,375530495,2024-05-06 13:39:22,6075,6,BVB,AutomaticNotificationAction
26724,375530496,2024-05-06 13:39:22,6075,6,BVB,AutomaticNotificationAction
28894,375558578,2024-05-07 03:52:25,6075,7,BVB,AutoLoadBulkAction
28895,375558579,2024-05-07 03:52:25,6075,7,BVB,AssignLoadplanAction
28896,375558582,2024-05-07 03:52:25,6075,7,BVB,AutoLoadBulkAction
28934,375560970,2024-05-07 04:21:15,6075,7,BVB,AutomaticNotificationAction
28935,375560971,2024-05-07 04:21:15,6075,7,BVB,AutomaticNotificationAction
30586,375169796,2024-05-01 00:33:36,119,30,NAT,ASMMsgProcessor
30601,375169973,2024-05-01 00:33:37,119,30,NAT,ASMMsgProcessor
30678,375170821,2024-05-01 00:33:49,6075,30,BVB,ASMMsgProcessor
30683,375170878,2024-05-01 00:33:49,6075,30,BVB,ASMMsgProcessor
30951,375173470,2024-05-01 00:34:25,5027,30,SSA,ASMMsgProcessor
30952,375173477,2024-05-01 00:34:25,5027,30,SSA,ASMMsgProcessor
32298,375221956,2024-05-01 13:02:26,5027,7,SSA,ASMMsgProcessor
32299,375221961,2024-05-01 13:02:26,5027,7,SSA,ASMMsgProcessor
32672,375223240,2024-05-01 13:03:05,6075,7,BVB,ASMMsgProcessor
32673,375223245,2024-05-01 13:03:05,6075,7,BVB,ASMMsgProcessor
33081,375224699,2024-05-01 13:03:49,5027,7,SSA,ASMMsgProcessor
33082,375224704,2024-05-01 13:03:49,5027,7,SSA,ASMMsgProcessor
33711,375229454,2024-05-01 13:05:59,6075,7,BVB,ASMMsgProcessor
33716,375229508,2024-05-01 13:05:59,6075,7,BVB,ASMMsgProcessor
36013,375312009,2024-05-03 12:15:38,5027,4,SSA,ASMMsgProcessor
36014,375312016,2024-05-03 12:15:38,5027,4,SSA,ASMMsgProcessor
36608,375313460,2024-05-03 12:16:49,6075,2,BVB,ASMMsgProcessor
36609,375313463,2024-05-03 12:16:49,6075,2,BVB,ASMMsgProcessor
36805,375313762,2024-05-03 12:17:09,6075,2,BVB,ASMMsgProcessor
36806,375313765,2024-05-03 12:17:09,6075,2,BVB,ASMMsgProcessor
36829,375313810,2024-05-03 12:17:10,6075,2,BVB,ASMMsgProcessor
36830,375313813,2024-05-03 12:17:10,6075,2,BVB,ASMMsgProcessor
36905,375313941,2024-05-03 12:17:22,6075,2,BVB,ASMMsgProcessor
36906,375313942,2024-05-03 12:17:22,6075,2,BVB,ASMMsgProcessor
36921,375313970,2024-05-03 12:17:20,6075,2,BVB,ASMMsgProcessor
36922,375313971,2024-05-03 12:17:20,6075,2,BVB,ASMMsgProcessor
42591,375333825,2024-05-03 12:28:58,6075,3,BVB,ASMMsgProcessor
42603,375333902,2024-05-03 12:28:58,6075,3,BVB,ASMMsgProcessor
43317,375337071,2024-05-03 12:30:30,6075,3,BVB,ASMMsgProcessor
43318,375337074,2024-05-03 12:30:30,6075,3,BVB,ASMMsgProcessor
43467,375337302,2024-05-03 12:30:48,6075,3,BVB,ASMMsgProcessor
43468,375337305,2024-05-03 12:30:48,6075,3,BVB,ASMMsgProcessor
43497,375337360,2024-05-03 12:30:51,6075,3,BVB,ASMMsgProcessor
43498,375337363,2024-05-03 12:30:51,6075,3,BVB,ASMMsgProcessor
43612,375337582,2024-05-03 12:31:02,6075,3,BVB,ASMMsgProcessor
43613,375337583,2024-05-03 12:31:02,6075,3,BVB,ASMMsgProcessor
43633,375337618,2024-05-03 12:31:05,6075,3,BVB,ASMMsgProcessor
43634,375337619,2024-05-03 12:31:05,6075,3,BVB,ASMMsgProcessor
45399,375349976,2024-05-03 13:01:53,6075,9,BVB,ASMMsgProcessor
45400,375349981,2024-05-03 13:01:53,6075,9,BVB,ASMMsgProcessor
47039,375358602,2024-05-03 13:05:51,6075,9,BVB,ASMMsgProcessor
47040,375358609,2024-05-03 13:05:51,6075,9,BVB,ASMMsgProcessor
48257,375403364,2024-05-04 13:01:33,6075,10,BVB,ASMMsgProcessor
48258,375403369,2024-05-04 13:01:33,6075,10,BVB,ASMMsgProcessor
50117,375412688,2024-05-04 13:05:57,6075,10,BVB,ASMMsgProcessor
50118,375412702,2024-05-04 13:05:57,6075,10,BVB,ASMMsgProcessor
55492,375506434,2024-05-06 13:34:12,6075,8,BVB,ASMMsgProcessor
55507,375506928,2024-05-06 13:34:12,6075,8,BVB,ASMMsgProcessor
55548,375507526,2024-05-06 13:34:36,5027,13,SSA,ASMMsgProcessor
55601,375508300,2024-05-06 13:34:36,5027,13,SSA,ASMMsgProcessor
55883,375511161,2024-05-06 13:35:14,6075,11,BVB,ASMMsgProcessor
55910,375511375,2024-05-06 13:35:14,6075,11,BVB,ASMMsgProcessor
56027,375512427,2024-05-06 13:35:31,6075,6,BVB,ASMMsgProcessor
56109,375513001,2024-05-06 13:35:31,6075,6,BVB,ASMMsgProcessor
56379,375514916,2024-05-06 13:35:54,6075,12,BVB,ASMMsgProcessor
56412,375515110,2024-05-06 13:35:54,6075,12,BVB,ASMMsgProcessor
64963,375169798,2024-05-01 00:33:37,119,30,NAT,AssignLCCAction
64964,375169805,2024-05-01 00:33:37,119,30,NAT,AssignLCCAction
64965,375169806,2024-05-01 00:33:37,119,30,NAT,AssignLCCAction
64989,375169971,2024-05-01 00:33:37,119,30,NAT,AssignLCCAction
65113,375170823,2024-05-01 00:33:49,6075,30,BVB,AssignLCCAction
65125,375170870,2024-05-01 00:33:49,6075,30,BVB,AssignLCCAction
65126,375170871,2024-05-01 00:33:49,6075,30,BVB,AssignLCCAction
65127,375170876,2024-05-01 00:33:49,6075,30,BVB,AssignLCCAction
65562,375173472,2024-05-01 00:34:25,5027,30,SSA,AssignLCCAction
65563,375173475,2024-05-01 00:34:25,5027,30,SSA,AssignLCCAction
66704,375221958,2024-05-01 13:02:26,5027,7,SSA,AssignLCCAction
66705,375221959,2024-05-01 13:02:26,5027,7,SSA,AssignLCCAction
66981,375223242,2024-05-01 13:03:05,6075,7,BVB,AssignLCCAction
66982,375223243,2024-05-01 13:03:05,6075,7,BVB,AssignLCCAction
67288,375224701,2024-05-01 13:03:49,5027,7,SSA,AssignLCCAction
67289,375224702,2024-05-01 13:03:49,5027,7,SSA,AssignLCCAction
68087,375229456,2024-05-01 13:05:59,6075,7,BVB,AssignLCCAction
68088,375229461,2024-05-01 13:05:59,6075,7,BVB,AssignLCCAction
68089,375229462,2024-05-01 13:05:59,6075,7,BVB,AssignLCCAction
68090,375229466,2024-05-01 13:05:59,6075,7,BVB,AssignLCCAction
71255,375312011,2024-05-03 12:15:38,5027,4,SSA,AssignLCCAction
71256,375312014,2024-05-03 12:15:38,5027,4,SSA,AssignLCCAction
72692,375333827,2024-05-03 12:28:58,6075,3,BVB,AssignLCCAction
72703,375333894,2024-05-03 12:28:58,6075,3,BVB,AssignLCCAction
72704,375333895,2024-05-03 12:28:58,6075,3,BVB,AssignLCCAction
72705,375333900,2024-05-03 12:28:58,6075,3,BVB,AssignLCCAction
73386,375349978,2024-05-03 13:01:53,6075,9,BVB,AssignLCCAction
73387,375349979,2024-05-03 13:01:53,6075,9,BVB,AssignLCCAction
75001,375358604,2024-05-03 13:05:51,6075,9,BVB,AssignLCCAction
75002,375358607,2024-05-03 13:05:51,6075,9,BVB,AssignLCCAction
76423,375403366,2024-05-04 13:01:33,6075,10,BVB,AssignLCCAction
76424,375403367,2024-05-04 13:01:33,6075,10,BVB,AssignLCCAction
78204,375412690,2024-05-04 13:05:57,6075,10,BVB,AssignLCCAction
78205,375412695,2024-05-04 13:05:57,6075,10,BVB,AssignLCCAction
78206,375412696,2024-05-04 13:05:57,6075,10,BVB,AssignLCCAction
78207,375412700,2024-05-04 13:05:57,6075,10,BVB,AssignLCCAction
85821,375506436,2024-05-06 13:34:12,6075,8,BVB,AssignLCCAction
85822,375506441,2024-05-06 13:34:12,6075,8,BVB,AssignLCCAction
85823,375506442,2024-05-06 13:34:12,6075,8,BVB,AssignLCCAction
85824,375506446,2024-05-06 13:34:12,6075,8,BVB,AssignLCCAction
85973,375508288,2024-05-06 13:34:36,5027,13,SSA,AssignLCCAction
85974,375508293,2024-05-06 13:34:36,5027,13,SSA,AssignLCCAction
85975,375508294,2024-05-06 13:34:36,5027,13,SSA,AssignLCCAction
85976,375508298,2024-05-06 13:34:36,5027,13,SSA,AssignLCCAction
86401,375511163,2024-05-06 13:35:14,6075,11,BVB,AssignLCCAction
86440,375511368,2024-05-06 13:35:14,6075,11,BVB,AssignLCCAction
86441,375511369,2024-05-06 13:35:14,6075,11,BVB,AssignLCCAction
86442,375511373,2024-05-06 13:35:14,6075,11,BVB,AssignLCCAction
86745,375512989,2024-05-06 13:35:31,6075,6,BVB,AssignLCCAction
86746,375512994,2024-05-06 13:35:31,6075,6,BVB,AssignLCCAction
86747,375512995,2024-05-06 13:35:31,6075,6,BVB,AssignLCCAction
86748,375512999,2024-05-06 13:35:31,6075,6,BVB,AssignLCCAction
87091,375514918,2024-05-06 13:35:54,6075,12,BVB,AssignLCCAction
87092,375514923,2024-05-06 13:35:54,6075,12,BVB,AssignLCCAction
87093,375514924,2024-05-06 13:35:54,6075,12,BVB,AssignLCCAction
87130,375515108,2024-05-06 13:35:54,6075,12,BVB,AssignLCCAction
105544,375119853,2024-04-30 04:17:41,6075,30,BVB,CalculateWeightAndTrimAction
105545,375119854,2024-04-30 04:17:41,6075,30,BVB,CalculateWeightAndTrimAction
105547,375120620,2024-04-30 04:52:44,119,30,NAT,CalculateWeightAndTrimAction
105548,375120621,2024-04-30 04:52:44,119,30,NAT,CalculateWeightAndTrimAction
105551,375120746,2024-04-30 04:32:41,119,30,NAT,CalculateWeightAndTrimAction
105552,375120747,2024-04-30 04:32:41,119,30,NAT,CalculateWeightAndTrimAction
105584,375122964,2024-04-30 04:32:44,119,30,NAT,CalculateWeightAndTrimAction
105585,375122965,2024-04-30 04:32:44,119,30,NAT,CalculateWeightAndTrimAction
106277,375131661,2024-04-30 09:43:17,6075,1,BVB,CalculateWeightAndTrimAction
106278,375131662,2024-04-30 09:43:17,6075,1,BVB,CalculateWeightAndTrimAction
106279,375131663,2024-04-30 09:43:17,6075,1,BVB,CalculateWeightAndTrimAction
106280,375131664,2024-04-30 09:43:17,6075,1,BVB,CalculateWeightAndTrimAction
108575,375157860,2024-05-01 00:22:52,6075,1,BVB,CalculateWeightAndTrimAction
108576,375157861,2024-05-01 00:22:52,6075,1,BVB,CalculateWeightAndTrimAction
109218,375169802,2024-05-01 00:33:37,119,30,NAT,CalculateWeightAndTrimAction
109219,375169804,2024-05-01 00:33:37,119,30,NAT,CalculateWeightAndTrimAction
109220,375169807,2024-05-01 00:33:37,119,30,NAT,CalculateWeightAndTrimAction
109228,375169968,2024-05-01 00:33:37,119,30,NAT,CalculateWeightAndTrimAction
109261,375170827,2024-05-01 00:33:49,6075,30,BVB,CalculateWeightAndTrimAction
109262,375170869,2024-05-01 00:33:49,6075,30,BVB,CalculateWeightAndTrimAction
109263,375170872,2024-05-01 00:33:49,6075,30,BVB,CalculateWeightAndTrimAction
109264,375170873,2024-05-01 00:33:49,6075,30,BVB,CalculateWeightAndTrimAction
111274,375191759,2024-05-01 00:47:07,119,30,NAT,CalculateWeightAndTrimAction
111275,375191760,2024-05-01 00:47:07,119,30,NAT,CalculateWeightAndTrimAction
111276,375191761,2024-05-01 00:47:07,119,30,NAT,CalculateWeightAndTrimAction
111277,375191762,2024-05-01 00:47:07,119,30,NAT,CalculateWeightAndTrimAction
111366,375192610,2024-05-01 00:47:17,119,30,NAT,CalculateWeightAndTrimAction
111367,375192611,2024-05-01 00:47:17,119,30,NAT,CalculateWeightAndTrimAction
111413,375192851,2024-05-01 00:47:21,119,30,NAT,CalculateWeightAndTrimAction
111414,375192852,2024-05-01 00:47:21,119,30,NAT,CalculateWeightAndTrimAction
111426,375192937,2024-05-01 00:47:26,119,30,NAT,CalculateWeightAndTrimAction
111427,375192938,2024-05-01 00:47:26,119,30,NAT,CalculateWeightAndTrimAction
111510,375193659,2024-05-01 00:47:42,6075,30,BVB,CalculateWeightAndTrimAction
111511,375193660,2024-05-01 00:47:42,6075,30,BVB,CalculateWeightAndTrimAction
111512,375193661,2024-05-01 00:47:42,6075,30,BVB,CalculateWeightAndTrimAction
111513,375193662,2024-05-01 00:47:42,6075,30,BVB,CalculateWeightAndTrimAction
111539,375194015,2024-05-01 00:47:48,6075,30,BVB,CalculateWeightAndTrimAction
111540,375194016,2024-05-01 00:47:48,6075,30,BVB,CalculateWeightAndTrimAction
111543,375194033,2024-05-01 00:47:47,6075,30,BVB,CalculateWeightAndTrimAction
111544,375194034,2024-05-01 00:47:47,6075,30,BVB,CalculateWeightAndTrimAction
111562,375194356,2024-05-01 00:47:49,6075,30,BVB,CalculateWeightAndTrimAction
111563,375194357,2024-05-01 00:47:49,6075,30,BVB,CalculateWeightAndTrimAction
112158,375202229,2024-05-01 01:54:02,6075,1,BVB,CalculateWeightAndTrimAction
112159,375202230,2024-05-01 01:54:02,6075,1,BVB,CalculateWeightAndTrimAction
112160,375202231,2024-05-01 01:54:02,6075,1,BVB,CalculateWeightAndTrimAction
112161,375202232,2024-05-01 01:54:02,6075,1,BVB,CalculateWeightAndTrimAction
112164,375202342,2024-05-01 03:54:20,6075,1,BVB,CalculateWeightAndTrimAction
112165,375202343,2024-05-01 03:54:20,6075,1,BVB,CalculateWeightAndTrimAction
112186,375202692,2024-05-01 03:54:19,6075,1,BVB,CalculateWeightAndTrimAction
112187,375202693,2024-05-01 03:54:19,6075,1,BVB,CalculateWeightAndTrimAction
112221,375203240,2024-05-01 04:19:39,6075,1,BVB,CalculateWeightAndTrimAction
112222,375203241,2024-05-01 04:19:39,6075,1,BVB,CalculateWeightAndTrimAction
112822,375213943,2024-05-01 10:06:17,6075,2,BVB,CalculateWeightAndTrimAction
112823,375213944,2024-05-01 10:06:17,6075,2,BVB,CalculateWeightAndTrimAction
112824,375213945,2024-05-01 10:06:17,6075,2,BVB,CalculateWeightAndTrimAction
112825,375213946,2024-05-01 10:06:17,6075,2,BVB,CalculateWeightAndTrimAction
113368,375229459,2024-05-01 13:05:59,6075,7,BVB,CalculateWeightAndTrimAction
113369,375229464,2024-05-01 13:05:59,6075,7,BVB,CalculateWeightAndTrimAction
114971,375251091,2024-05-02 00:24:32,6075,2,BVB,CalculateWeightAndTrimAction
114972,375251092,2024-05-02 00:24:32,6075,2,BVB,CalculateWeightAndTrimAction
115071,375251978,2024-05-02 03:50:04,6075,2,BVB,CalculateWeightAndTrimAction
115072,375251979,2024-05-02 03:50:04,6075,2,BVB,CalculateWeightAndTrimAction
115130,375252813,2024-05-02 01:54:49,6075,2,BVB,CalculateWeightAndTrimAction
115131,375252814,2024-05-02 01:54:49,6075,2,BVB,CalculateWeightAndTrimAction
115132,375252815,2024-05-02 01:54:49,6075,2,BVB,CalculateWeightAndTrimAction
115133,375252816,2024-05-02 01:54:49,6075,2,BVB,CalculateWeightAndTrimAction
115163,375253019,2024-05-02 03:55:04,6075,2,BVB,CalculateWeightAndTrimAction
115164,375253020,2024-05-02 03:55:04,6075,2,BVB,CalculateWeightAndTrimAction
115245,375255442,2024-05-02 04:12:03,6075,2,BVB,CalculateWeightAndTrimAction
115246,375255443,2024-05-02 04:12:03,6075,2,BVB,CalculateWeightAndTrimAction
116072,375264855,2024-05-02 10:45:51,6075,3,BVB,CalculateWeightAndTrimAction
116073,375264856,2024-05-02 10:45:51,6075,3,BVB,CalculateWeightAndTrimAction
116074,375264857,2024-05-02 10:45:51,6075,3,BVB,CalculateWeightAndTrimAction
116075,375264858,2024-05-02 10:45:51,6075,3,BVB,CalculateWeightAndTrimAction
117820,375283905,2024-05-03 00:21:57,6075,3,BVB,CalculateWeightAndTrimAction
117821,375283906,2024-05-03 00:21:57,6075,3,BVB,CalculateWeightAndTrimAction
117979,375287613,2024-05-03 07:39:34,6075,3,BVB,CalculateWeightAndTrimAction
117980,375287614,2024-05-03 07:39:34,6075,3,BVB,CalculateWeightAndTrimAction
117987,375287778,2024-05-03 07:39:37,6075,3,BVB,CalculateWeightAndTrimAction
117988,375287779,2024-05-03 07:39:37,6075,3,BVB,CalculateWeightAndTrimAction
118129,375289430,2024-05-03 07:39:32,6075,3,BVB,CalculateWeightAndTrimAction
118130,375289431,2024-05-03 07:39:32,6075,3,BVB,CalculateWeightAndTrimAction
118131,375289432,2024-05-03 07:39:32,6075,3,BVB,CalculateWeightAndTrimAction
118132,375289433,2024-05-03 07:39:32,6075,3,BVB,CalculateWeightAndTrimAction
118141,375289490,2024-05-03 07:39:36,6075,3,BVB,CalculateWeightAndTrimAction
118142,375289491,2024-05-03 07:39:36,6075,3,BVB,CalculateWeightAndTrimAction
120158,375333891,2024-05-03 12:28:58,6075,3,BVB,CalculateWeightAndTrimAction
120159,375333893,2024-05-03 12:28:58,6075,3,BVB,CalculateWeightAndTrimAction
120160,375333896,2024-05-03 12:28:58,6075,3,BVB,CalculateWeightAndTrimAction
120161,375333897,2024-05-03 12:28:58,6075,3,BVB,CalculateWeightAndTrimAction
120276,375340645,2024-05-03 12:33:47,6075,3,BVB,CalculateWeightAndTrimAction
120277,375340646,2024-05-03 12:33:47,6075,3,BVB,CalculateWeightAndTrimAction
120302,375340922,2024-05-03 12:33:43,6075,3,BVB,CalculateWeightAndTrimAction
120303,375340923,2024-05-03 12:33:43,6075,3,BVB,CalculateWeightAndTrimAction
120304,375340924,2024-05-03 12:33:43,6075,3,BVB,CalculateWeightAndTrimAction
120305,375340925,2024-05-03 12:33:43,6075,3,BVB,CalculateWeightAndTrimAction
120313,375341032,2024-05-03 12:33:46,6075,3,BVB,CalculateWeightAndTrimAction
120314,375341033,2024-05-03 12:33:46,6075,3,BVB,CalculateWeightAndTrimAction
120325,375341157,2024-05-03 12:33:48,6075,3,BVB,CalculateWeightAndTrimAction
120326,375341158,2024-05-03 12:33:48,6075,3,BVB,CalculateWeightAndTrimAction
124284,375398041,2024-05-04 10:16:32,6075,5,BVB,CalculateWeightAndTrimAction
124285,375398042,2024-05-04 10:16:32,6075,5,BVB,CalculateWeightAndTrimAction
124286,375398043,2024-05-04 10:16:32,6075,5,BVB,CalculateWeightAndTrimAction
124287,375398044,2024-05-04 10:16:32,6075,5,BVB,CalculateWeightAndTrimAction
124965,375412693,2024-05-04 13:05:57,6075,10,BVB,CalculateWeightAndTrimAction
124966,375412698,2024-05-04 13:05:57,6075,10,BVB,CalculateWeightAndTrimAction
126588,375434149,2024-05-05 00:23:57,6075,5,BVB,CalculateWeightAndTrimAction
126589,375434150,2024-05-05 00:23:57,6075,5,BVB,CalculateWeightAndTrimAction
126605,375434858,2024-05-05 01:54:13,6075,5,BVB,CalculateWeightAndTrimAction
126606,375434859,2024-05-05 01:54:13,6075,5,BVB,CalculateWeightAndTrimAction
126607,375434860,2024-05-05 01:54:13,6075,5,BVB,CalculateWeightAndTrimAction
126608,375434861,2024-05-05 01:54:13,6075,5,BVB,CalculateWeightAndTrimAction
126655,375435619,2024-05-05 03:54:26,6075,5,BVB,CalculateWeightAndTrimAction
126656,375435620,2024-05-05 03:54:26,6075,5,BVB,CalculateWeightAndTrimAction
126657,375435626,2024-05-05 03:54:27,6075,5,BVB,CalculateWeightAndTrimAction
126658,375435627,2024-05-05 03:54:27,6075,5,BVB,CalculateWeightAndTrimAction
126683,375435742,2024-05-05 04:16:34,6075,5,BVB,CalculateWeightAndTrimAction
126684,375435743,2024-05-05 04:16:34,6075,5,BVB,CalculateWeightAndTrimAction
129422,375463866,2024-05-06 12:23:40,6075,7,BVB,CalculateWeightAndTrimAction
129423,375463867,2024-05-06 12:23:40,6075,7,BVB,CalculateWeightAndTrimAction
129436,375463928,2024-05-06 12:23:40,6075,7,BVB,CalculateWeightAndTrimAction
129437,375463929,2024-05-06 12:23:40,6075,7,BVB,CalculateWeightAndTrimAction
131501,375506439,2024-05-06 13:34:12,6075,8,BVB,CalculateWeightAndTrimAction
131502,375506444,2024-05-06 13:34:12,6075,8,BVB,CalculateWeightAndTrimAction
131728,375511166,2024-05-06 13:35:14,6075,11,BVB,CalculateWeightAndTrimAction
131738,375511371,2024-05-06 13:35:14,6075,11,BVB,CalculateWeightAndTrimAction
131785,375512992,2024-05-06 13:35:31,6075,6,BVB,CalculateWeightAndTrimAction
131786,375512997,2024-05-06 13:35:31,6075,6,BVB,CalculateWeightAndTrimAction
131833,375514921,2024-05-06 13:35:54,6075,12,BVB,CalculateWeightAndTrimAction
131834,375514926,2024-05-06 13:35:54,6075,12,BVB,CalculateWeightAndTrimAction
132296,375528762,2024-05-06 13:39:02,6075,6,BVB,CalculateWeightAndTrimAction
132297,375528763,2024-05-06 13:39:02,6075,6,BVB,CalculateWeightAndTrimAction
132393,375529475,2024-05-06 13:39:13,6075,6,BVB,CalculateWeightAndTrimAction
132394,375529476,2024-05-06 13:39:13,6075,6,BVB,CalculateWeightAndTrimAction
132395,375529477,2024-05-06 13:39:13,6075,6,BVB,CalculateWeightAndTrimAction
132396,375529478,2024-05-06 13:39:13,6075,6,BVB,CalculateWeightAndTrimAction
132403,375529623,2024-05-06 13:39:18,6075,6,BVB,CalculateWeightAndTrimAction
132404,375529624,2024-05-06 13:39:18,6075,6,BVB,CalculateWeightAndTrimAction
132437,375529845,2024-05-06 13:39:22,6075,6,BVB,CalculateWeightAndTrimAction
132438,375529846,2024-05-06 13:39:22,6075,6,BVB,CalculateWeightAndTrimAction
132447,375529971,2024-05-06 13:39:20,6075,6,BVB,CalculateWeightAndTrimAction
132448,375529972,2024-05-06 13:39:20,6075,6,BVB,CalculateWeightAndTrimAction
134404,375556814,2024-05-07 00:21:49,6075,7,BVB,CalculateWeightAndTrimAction
134405,375556815,2024-05-07 00:21:49,6075,7,BVB,CalculateWeightAndTrimAction
134502,375558071,2024-05-07 01:52:08,6075,7,BVB,CalculateWeightAndTrimAction
134503,375558072,2024-05-07 01:52:08,6075,7,BVB,CalculateWeightAndTrimAction
134504,375558073,2024-05-07 01:52:08,6075,7,BVB,CalculateWeightAndTrimAction
134505,375558074,2024-05-07 01:52:08,6075,7,BVB,CalculateWeightAndTrimAction
134506,375558102,2024-05-07 03:52:24,6075,7,BVB,CalculateWeightAndTrimAction
134507,375558103,2024-05-07 03:52:24,6075,7,BVB,CalculateWeightAndTrimAction
134550,375558580,2024-05-07 03:52:25,6075,7,BVB,CalculateWeightAndTrimAction
134551,375558581,2024-05-07 03:52:25,6075,7,BVB,CalculateWeightAndTrimAction
134637,375560907,2024-05-07 04:21:14,6075,7,BVB,CalculateWeightAndTrimAction
134638,375560968,2024-05-07 04:21:14,6075,7,BVB,CalculateWeightAndTrimAction
222284,375120694,2024-04-30 04:17:41,5027,30,SSA,CalculateWeightAndTrimAction
222285,375120695,2024-04-30 04:17:41,5027,30,SSA,CalculateWeightAndTrimAction
222286,375120701,2024-04-30 04:17:43,5027,30,SSA,CalculateWeightAndTrimAction
222287,375120702,2024-04-30 04:17:43,5027,30,SSA,CalculateWeightAndTrimAction
222288,375120837,2024-04-30 04:32:43,5027,30,SSA,CalculateWeightAndTrimAction
222289,375120838,2024-04-30 04:32:43,5027,30,SSA,CalculateWeightAndTrimAction
222312,375123087,2024-04-30 05:00:17,5027,30,SSA,CalculateWeightAndTrimAction
222313,375123098,2024-04-30 04:40:14,5027,30,SSA,CalculateWeightAndTrimAction
222314,375123099,2024-04-30 04:40:14,5027,30,SSA,CalculateWeightAndTrimAction
222315,375123100,2024-04-30 04:40:14,5027,30,SSA,CalculateWeightAndTrimAction
222316,375123101,2024-04-30 04:40:14,5027,30,SSA,CalculateWeightAndTrimAction
222317,375123140,2024-04-30 04:42:48,5027,30,SSA,CalculateWeightAndTrimAction
222318,375123141,2024-04-30 04:42:48,5027,30,SSA,CalculateWeightAndTrimAction
222319,375123142,2024-04-30 04:42:48,5027,30,SSA,CalculateWeightAndTrimAction
222320,375123143,2024-04-30 04:42:48,5027,30,SSA,CalculateWeightAndTrimAction
222348,375123468,2024-04-30 05:00:17,5027,30,SSA,CalculateWeightAndTrimAction
222349,375123469,2024-04-30 05:00:17,5027,30,SSA,CalculateWeightAndTrimAction
222350,375123470,2024-04-30 05:00:17,5027,30,SSA,CalculateWeightAndTrimAction
222361,375123591,2024-04-30 05:02:49,5027,30,SSA,CalculateWeightAndTrimAction
222362,375123592,2024-04-30 05:02:49,5027,30,SSA,CalculateWeightAndTrimAction
222363,375123593,2024-04-30 05:02:49,5027,30,SSA,CalculateWeightAndTrimAction
222364,375123594,2024-04-30 05:02:49,5027,30,SSA,CalculateWeightAndTrimAction
225825,375199248,2024-05-01 00:53:23,5027,1,SSA,CalculateWeightAndTrimAction
225826,375199249,2024-05-01 00:53:23,5027,1,SSA,CalculateWeightAndTrimAction
225967,375202063,2024-05-01 02:14:06,5027,1,SSA,CalculateWeightAndTrimAction
225968,375202064,2024-05-01 02:14:06,5027,1,SSA,CalculateWeightAndTrimAction
225969,375202065,2024-05-01 02:14:06,5027,1,SSA,CalculateWeightAndTrimAction
225970,375202066,2024-05-01 02:14:06,5027,1,SSA,CalculateWeightAndTrimAction
225990,375202237,2024-05-01 02:00:11,5027,1,SSA,CalculateWeightAndTrimAction
225991,375202239,2024-05-01 02:00:11,5027,1,SSA,CalculateWeightAndTrimAction
225992,375202240,2024-05-01 02:00:11,5027,1,SSA,CalculateWeightAndTrimAction
225993,375202241,2024-05-01 02:00:11,5027,1,SSA,CalculateWeightAndTrimAction
225994,375202242,2024-05-01 02:00:11,5027,1,SSA,CalculateWeightAndTrimAction
225995,375202244,2024-05-01 02:00:11,5027,1,SSA,CalculateWeightAndTrimAction
226000,375202304,2024-05-01 04:34:41,5027,1,SSA,CalculateWeightAndTrimAction
226001,375202305,2024-05-01 04:34:41,5027,1,SSA,CalculateWeightAndTrimAction
226002,375202315,2024-05-01 02:10:09,5027,1,SSA,CalculateWeightAndTrimAction
226003,375202316,2024-05-01 02:10:09,5027,1,SSA,CalculateWeightAndTrimAction
226004,375202317,2024-05-01 02:10:09,5027,1,SSA,CalculateWeightAndTrimAction
226005,375202318,2024-05-01 02:10:09,5027,1,SSA,CalculateWeightAndTrimAction
226018,375202431,2024-05-01 02:04:10,5027,1,SSA,CalculateWeightAndTrimAction
226019,375202432,2024-05-01 02:04:10,5027,1,SSA,CalculateWeightAndTrimAction
226020,375202433,2024-05-01 02:04:10,5027,1,SSA,CalculateWeightAndTrimAction
226021,375202434,2024-05-01 02:04:10,5027,1,SSA,CalculateWeightAndTrimAction
226022,375202448,2024-05-01 02:05:07,5027,1,SSA,CalculateWeightAndTrimAction
226023,375202449,2024-05-01 02:05:07,5027,1,SSA,CalculateWeightAndTrimAction
226024,375202450,2024-05-01 02:05:07,5027,1,SSA,CalculateWeightAndTrimAction
226025,375202451,2024-05-01 02:05:07,5027,1,SSA,CalculateWeightAndTrimAction
226082,375204949,2024-05-01 04:19:40,5027,1,SSA,CalculateWeightAndTrimAction
226083,375204950,2024-05-01 04:19:40,5027,1,SSA,CalculateWeightAndTrimAction
226084,375204956,2024-05-01 04:19:42,5027,1,SSA,CalculateWeightAndTrimAction
226085,375204957,2024-05-01 04:19:42,5027,1,SSA,CalculateWeightAndTrimAction
226086,375205085,2024-05-01 04:44:47,5027,1,SSA,CalculateWeightAndTrimAction
226087,375205086,2024-05-01 04:44:47,5027,1,SSA,CalculateWeightAndTrimAction
226088,375205087,2024-05-01 04:44:47,5027,1,SSA,CalculateWeightAndTrimAction
226089,375205132,2024-05-01 04:40:09,5027,1,SSA,CalculateWeightAndTrimAction
226090,375205133,2024-05-01 04:40:09,5027,1,SSA,CalculateWeightAndTrimAction
226091,375205134,2024-05-01 04:40:09,5027,1,SSA,CalculateWeightAndTrimAction
226092,375205135,2024-05-01 04:40:09,5027,1,SSA,CalculateWeightAndTrimAction
226093,375205148,2024-05-01 04:44:47,5027,1,SSA,CalculateWeightAndTrimAction
226104,375205219,2024-05-01 05:04:48,5027,1,SSA,CalculateWeightAndTrimAction
226105,375205220,2024-05-01 05:04:48,5027,1,SSA,CalculateWeightAndTrimAction
226106,375205221,2024-05-01 05:04:48,5027,1,SSA,CalculateWeightAndTrimAction
226107,375205222,2024-05-01 05:04:48,5027,1,SSA,CalculateWeightAndTrimAction
226143,375205396,2024-05-01 05:00:10,5027,1,SSA,CalculateWeightAndTrimAction
226144,375205397,2024-05-01 05:00:10,5027,1,SSA,CalculateWeightAndTrimAction
226145,375205398,2024-05-01 05:00:10,5027,1,SSA,CalculateWeightAndTrimAction
226146,375205399,2024-05-01 05:00:10,5027,1,SSA,CalculateWeightAndTrimAction
235633,375508291,2024-05-06 13:34:36,5027,13,SSA,CalculateWeightAndTrimAction
235634,375508296,2024-05-06 13:34:36,5027,13,SSA,CalculateWeightAndTrimAction
237226,375120697,2024-04-30 04:17:42,5027,30,SSA,CargoFinalActionTDM
237227,375120698,2024-04-30 04:17:42,5027,30,SSA,CargoFinalActionTDM
237242,375122954,2024-04-30 04:32:42,119,30,NAT,CargoFinalActionTDM
237243,375122955,2024-04-30 04:32:42,119,30,NAT,CargoFinalActionTDM
239666,375192613,2024-05-01 00:47:18,119,30,NAT,CargoFinalActionTDM
239667,375192614,2024-05-01 00:47:18,119,30,NAT,CargoFinalActionTDM
239783,375194011,2024-05-01 00:47:47,6075,30,BVB,CargoFinalActionTDM
239784,375194012,2024-05-01 00:47:47,6075,30,BVB,CargoFinalActionTDM
240432,375202695,2024-05-01 03:54:19,6075,1,BVB,CargoFinalActionTDM
240433,375202696,2024-05-01 03:54:19,6075,1,BVB,CargoFinalActionTDM
240766,375203692,2024-05-01 04:05:17,6075,27,BVB,ClearFlightsAction
240767,375203693,2024-05-01 04:05:17,6075,27,BVB,ClearFlightsAction
241092,375204034,2024-05-01 04:06:46,5027,27,SSA,ClearFlightsAction
241093,375204035,2024-05-01 04:06:46,5027,27,SSA,ClearFlightsAction
241934,375204952,2024-05-01 04:19:40,5027,1,SSA,CargoFinalActionTDM
241935,375204953,2024-05-01 04:19:40,5027,1,SSA,CargoFinalActionTDM
243114,375253131,2024-05-02 03:50:04,6075,2,BVB,CargoFinalActionTDM
243115,375253132,2024-05-02 03:50:04,6075,2,BVB,CargoFinalActionTDM
243595,375254352,2024-05-02 04:01:53,5027,28,SSA,ClearFlightsAction
243596,375254353,2024-05-02 04:01:53,5027,28,SSA,ClearFlightsAction
244361,375255151,2024-05-02 04:04:57,6075,28,BVB,ClearFlightsAction
244362,375255152,2024-05-02 04:04:57,6075,28,BVB,ClearFlightsAction
247220,375286650,2024-05-03 04:04:24,6075,29,BVB,ClearFlightsAction
247221,375286651,2024-05-03 04:04:24,6075,29,BVB,ClearFlightsAction
247460,375288811,2024-05-03 07:39:35,6075,3,BVB,CargoFinalActionTDM
247461,375288812,2024-05-03 07:39:35,6075,3,BVB,CargoFinalActionTDM
248457,375313461,2024-05-03 12:16:49,6075,2,BVB,ChangeFlightLegStateAction
248458,375313462,2024-05-03 12:16:49,6075,2,BVB,ChangeFlightLegStateAction
248546,375313763,2024-05-03 12:17:09,6075,2,BVB,ChangeFlightLegStateAction
248547,375313764,2024-05-03 12:17:09,6075,2,BVB,ChangeFlightLegStateAction
248556,375313811,2024-05-03 12:17:10,6075,2,BVB,ChangeFlightLegStateAction
248557,375313812,2024-05-03 12:17:10,6075,2,BVB,ChangeFlightLegStateAction
252071,375337072,2024-05-03 12:30:30,6075,3,BVB,ChangeFlightLegStateAction
252072,375337073,2024-05-03 12:30:30,6075,3,BVB,ChangeFlightLegStateAction
252125,375337303,2024-05-03 12:30:48,6075,3,BVB,ChangeFlightLegStateAction
252126,375337304,2024-05-03 12:30:48,6075,3,BVB,ChangeFlightLegStateAction
252145,375337361,2024-05-03 12:30:51,6075,3,BVB,ChangeFlightLegStateAction
252146,375337362,2024-05-03 12:30:51,6075,3,BVB,ChangeFlightLegStateAction
253074,375340641,2024-05-03 12:33:47,6075,3,BVB,CargoFinalActionTDM
253075,375340642,2024-05-03 12:33:47,6075,3,BVB,CargoFinalActionTDM
255039,375388469,2024-05-04 04:03:17,6075,30,BVB,ClearFlightsAction
255040,375388470,2024-05-04 04:03:17,6075,30,BVB,ClearFlightsAction
256386,375389913,2024-05-04 04:08:22,119,30,NAT,ClearFlightsAction
256387,375389914,2024-05-04 04:08:22,119,30,NAT,ClearFlightsAction
256388,375389915,2024-05-04 04:08:22,5027,30,SSA,ClearFlightsAction
256389,375389916,2024-05-04 04:08:22,5027,30,SSA,ClearFlightsAction
257714,375435622,2024-05-05 03:54:26,6075,5,BVB,CargoFinalActionTDM
257715,375435623,2024-05-05 03:54:26,6075,5,BVB,CargoFinalActionTDM
257747,375436098,2024-05-05 04:04:24,5027,1,SSA,ClearFlightsAction
257748,375436099,2024-05-05 04:04:24,5027,1,SSA,ClearFlightsAction
258278,375436851,2024-05-05 04:02:37,6075,1,BVB,ClearFlightsAction
258279,375436852,2024-05-05 04:02:37,6075,1,BVB,ClearFlightsAction
261266,375463072,2024-05-06 04:04:52,6075,2,BVB,ClearFlightsAction
261267,375463073,2024-05-06 04:04:52,6075,2,BVB,ClearFlightsAction
262305,375529424,2024-05-06 13:39:19,6075,6,BVB,CargoFinalActionTDM
262306,375529425,2024-05-06 13:39:19,6075,6,BVB,CargoFinalActionTDM
263397,375559050,2024-05-07 03:52:25,6075,7,BVB,CargoFinalActionTDM
263398,375559051,2024-05-07 03:52:25,6075,7,BVB,CargoFinalActionTDM
264062,375559828,2024-05-07 04:04:45,6075,3,BVB,ClearFlightsAction
264063,375559829,2024-05-07 04:04:45,6075,3,BVB,ClearFlightsAction
266110,375131659,2024-04-30 09:43:17,6075,1,BVB,CrewMsgProcessor
266111,375131665,2024-04-30 09:43:17,6075,1,BVB,CrewMsgProcessor
270049,375191757,2024-05-01 00:47:07,119,30,NAT,CreateZFWMessageAction
270050,375191758,2024-05-01 00:47:07,119,30,NAT,CreateZFWMessageAction
270051,375191763,2024-05-01 00:47:07,119,30,NAT,CreateZFWMessageAction
270277,375193657,2024-05-01 00:47:42,6075,30,BVB,CreateZFWMessageAction
270278,375193658,2024-05-01 00:47:42,6075,30,BVB,CreateZFWMessageAction
270279,375193663,2024-05-01 00:47:42,6075,30,BVB,CreateZFWMessageAction
271098,375201067,2024-05-01 01:54:02,6075,1,BVB,CreateZFWMessageAction
271156,375202061,2024-05-01 02:14:06,5027,1,SSA,CreateZFWMessageAction
271157,375202062,2024-05-01 02:14:06,5027,1,SSA,CreateZFWMessageAction
271158,375202067,2024-05-01 02:14:06,5027,1,SSA,CreateZFWMessageAction
271164,375202228,2024-05-01 01:54:02,6075,1,BVB,CreateZFWMessageAction
271165,375202233,2024-05-01 01:54:02,6075,1,BVB,CreateZFWMessageAction
271166,375202238,2024-05-01 02:00:11,5027,1,SSA,CreateBaggageLoadItemsAction
271167,375202243,2024-05-01 02:00:11,5027,1,SSA,CreateBaggageLoadItemsAction
272127,375213941,2024-05-01 10:06:17,6075,2,BVB,CrewMsgProcessor
272128,375213947,2024-05-01 10:06:17,6075,2,BVB,CrewMsgProcessor
273845,375252811,2024-05-02 01:54:49,6075,2,BVB,CreateZFWMessageAction
273846,375252812,2024-05-02 01:54:49,6075,2,BVB,CreateZFWMessageAction
273847,375252817,2024-05-02 01:54:49,6075,2,BVB,CreateZFWMessageAction
274743,375264853,2024-05-02 10:45:51,6075,3,BVB,CrewMsgProcessor
274744,375264859,2024-05-02 10:45:51,6075,3,BVB,CrewMsgProcessor
276421,375289428,2024-05-03 07:39:32,6075,3,BVB,CreateZFWMessageAction
276422,375289429,2024-05-03 07:39:32,6075,3,BVB,CreateZFWMessageAction
276423,375289434,2024-05-03 07:39:32,6075,3,BVB,CreateZFWMessageAction
278031,375340920,2024-05-03 12:33:42,6075,3,BVB,CreateZFWMessageAction
278032,375340921,2024-05-03 12:33:43,6075,3,BVB,CreateZFWMessageAction
278033,375340926,2024-05-03 12:33:43,6075,3,BVB,CreateZFWMessageAction
281479,375398039,2024-05-04 10:16:32,6075,5,BVB,CrewMsgProcessor
281480,375398045,2024-05-04 10:16:32,6075,5,BVB,CrewMsgProcessor
282965,375434856,2024-05-05 01:54:13,6075,5,BVB,CreateZFWMessageAction
282966,375434857,2024-05-05 01:54:13,6075,5,BVB,CreateZFWMessageAction
282967,375434862,2024-05-05 01:54:13,6075,5,BVB,CreateZFWMessageAction
284983,375463864,2024-05-06 12:23:40,6075,7,BVB,CrewMsgProcessor
285000,375463930,2024-05-06 12:23:40,6075,7,BVB,CrewMsgProcessor
286095,375529473,2024-05-06 13:39:13,6075,6,BVB,CreateZFWMessageAction
286096,375529474,2024-05-06 13:39:13,6075,6,BVB,CreateZFWMessageAction
286097,375529479,2024-05-06 13:39:13,6075,6,BVB,CreateZFWMessageAction
287774,375558069,2024-05-07 01:52:08,6075,7,BVB,CreateZFWMessageAction
287775,375558070,2024-05-07 01:52:08,6075,7,BVB,CreateZFWMessageAction
287776,375558075,2024-05-07 01:52:08,6075,7,BVB,CreateZFWMessageAction
288540,375123084,2024-04-30 05:00:17,5027,30,SSA,PAXBOOKINGINMsgProcessor
288541,375123085,2024-04-30 05:00:17,5027,30,SSA,EstimateStorePaxDataAction
288543,375123095,2024-04-30 04:40:14,5027,30,SSA,PAXBOOKINGINMsgProcessor
288544,375123096,2024-04-30 04:40:14,5027,30,SSA,EstimateStorePaxDataAction
288545,375123103,2024-04-30 04:40:14,5027,30,SSA,PAXBOOKINGINMsgProcessor
288554,375123137,2024-04-30 04:42:48,5027,30,SSA,PAXBOOKINGINMsgProcessor
288555,375123138,2024-04-30 04:42:48,5027,30,SSA,EstimateStorePaxDataAction
288556,375123145,2024-04-30 04:42:48,5027,30,SSA,PAXBOOKINGINMsgProcessor
288627,375123472,2024-04-30 05:00:17,5027,30,SSA,PAXBOOKINGINMsgProcessor
288635,375123588,2024-04-30 05:02:49,5027,30,SSA,PAXBOOKINGINMsgProcessor
288636,375123589,2024-04-30 05:02:49,5027,30,SSA,EstimateStorePaxDataAction
288637,375123596,2024-04-30 05:02:49,5027,30,SSA,PAXBOOKINGINMsgProcessor
293865,375169800,2024-05-01 00:33:37,119,30,NAT,ResetLoadingListRecordsAction
293914,375170825,2024-05-01 00:33:49,6075,30,BVB,ResetLoadingListRecordsAction
294184,375201905,2024-05-01 02:05:07,5027,1,SSA,PAXBOOKINGINMsgProcessor
294185,375201906,2024-05-01 02:05:07,5027,1,SSA,EstimateStorePaxDataAction
294231,375202234,2024-05-01 02:00:11,5027,1,SSA,PAXBOOKINGINMsgProcessor
294232,375202235,2024-05-01 02:00:11,5027,1,SSA,EstimateStorePaxDataAction
294233,375202246,2024-05-01 02:00:11,5027,1,SSA,PAXBOOKINGINMsgProcessor
294248,375202312,2024-05-01 02:10:09,5027,1,SSA,PAXBOOKINGINMsgProcessor
294249,375202313,2024-05-01 02:10:09,5027,1,SSA,EstimateStorePaxDataAction
294250,375202320,2024-05-01 02:10:09,5027,1,SSA,PAXBOOKINGINMsgProcessor
294266,375202428,2024-05-01 02:04:10,5027,1,SSA,PAXBOOKINGINMsgProcessor
294267,375202429,2024-05-01 02:04:10,5027,1,SSA,EstimateStorePaxDataAction
294268,375202436,2024-05-01 02:04:10,5027,1,SSA,PAXBOOKINGINMsgProcessor
294269,375202453,2024-05-01 02:05:07,5027,1,SSA,PAXBOOKINGINMsgProcessor
294396,375205082,2024-05-01 04:44:47,5027,1,SSA,PAXBOOKINGINMsgProcessor
294397,375205083,2024-05-01 04:44:47,5027,1,SSA,EstimateStorePaxDataAction
294398,375205129,2024-05-01 04:40:09,5027,1,SSA,PAXBOOKINGINMsgProcessor
294399,375205130,2024-05-01 04:40:09,5027,1,SSA,EstimateStorePaxDataAction
294400,375205137,2024-05-01 04:40:09,5027,1,SSA,PAXBOOKINGINMsgProcessor
294401,375205150,2024-05-01 04:44:47,5027,1,SSA,PAXBOOKINGINMsgProcessor
294404,375205216,2024-05-01 05:04:48,5027,1,SSA,PAXBOOKINGINMsgProcessor
294405,375205217,2024-05-01 05:04:48,5027,1,SSA,EstimateStorePaxDataAction
294406,375205224,2024-05-01 05:04:48,5027,1,SSA,PAXBOOKINGINMsgProcessor
294432,375205393,2024-05-01 05:00:10,5027,1,SSA,PAXBOOKINGINMsgProcessor
294433,375205394,2024-05-01 05:00:10,5027,1,SSA,EstimateStorePaxDataAction
294434,375205401,2024-05-01 05:00:10,5027,1,SSA,PAXBOOKINGINMsgProcessor
304646,375333889,2024-05-03 12:28:58,6075,3,BVB,ResetLoadingListRecordsAction
316655,375119852,2024-04-30 04:17:41,6075,30,BVB,SetActualBagWeightIndicatorAction
316656,375119855,2024-04-30 04:17:41,6075,30,BVB,SetActualBagWeightIndicatorAction
316657,375120619,2024-04-30 04:52:44,119,30,NAT,SetActualBagWeightIndicatorAction
316658,375120622,2024-04-30 04:52:44,119,30,NAT,SetActualBagWeightIndicatorAction
316661,375120693,2024-04-30 04:17:41,5027,30,SSA,SetCKIPaxDistributionAction
316662,375120696,2024-04-30 04:17:41,5027,30,SSA,SetCKIPaxDistributionAction
316665,375120745,2024-04-30 04:32:41,119,30,NAT,SetCKIPaxDistributionAction
316668,375120836,2024-04-30 04:32:43,5027,30,SSA,SetActualBagWeightIndicatorAction
316669,375120839,2024-04-30 04:32:43,5027,30,SSA,SetActualBagWeightIndicatorAction
316690,375122968,2024-04-30 04:32:41,119,30,NAT,SetCKIPaxDistributionAction
321517,375192609,2024-05-01 00:47:17,119,30,NAT,SetCKIPaxDistributionAction
321518,375192612,2024-05-01 00:47:17,119,30,NAT,SetCKIPaxDistributionAction
321571,375192936,2024-05-01 00:47:26,119,30,NAT,SetActualBagWeightIndicatorAction
321572,375192939,2024-05-01 00:47:26,119,30,NAT,SetActualBagWeightIndicatorAction
321740,375194032,2024-05-01 00:47:47,6075,30,BVB,SetCKIPaxDistributionAction
321741,375194035,2024-05-01 00:47:47,6075,30,BVB,SetCKIPaxDistributionAction
321800,375194355,2024-05-01 00:47:49,6075,30,BVB,SetActualBagWeightIndicatorAction
321801,375194358,2024-05-01 00:47:49,6075,30,BVB,SetActualBagWeightIndicatorAction
323028,375202303,2024-05-01 04:34:41,5027,1,SSA,SetActualBagWeightIndicatorAction
323029,375202306,2024-05-01 04:34:41,5027,1,SSA,SetActualBagWeightIndicatorAction
323044,375202691,2024-05-01 03:54:19,6075,1,BVB,SetCKIPaxDistributionAction
323045,375202694,2024-05-01 03:54:19,6075,1,BVB,SetCKIPaxDistributionAction
323059,375203239,2024-05-01 04:19:39,6075,1,BVB,SetActualBagWeightIndicatorAction
323060,375203242,2024-05-01 04:19:39,6075,1,BVB,SetActualBagWeightIndicatorAction
323073,375204948,2024-05-01 04:19:40,5027,1,SSA,SetCKIPaxDistributionAction
323074,375204951,2024-05-01 04:19:40,5027,1,SSA,SetCKIPaxDistributionAction
325330,375251977,2024-05-02 03:50:04,6075,2,BVB,SetCKIPaxDistributionAction
325331,375251980,2024-05-02 03:50:04,6075,2,BVB,SetCKIPaxDistributionAction
325430,375255441,2024-05-02 04:12:03,6075,2,BVB,SetActualBagWeightIndicatorAction
325431,375255444,2024-05-02 04:12:03,6075,2,BVB,SetActualBagWeightIndicatorAction
327695,375287612,2024-05-03 07:39:34,6075,3,BVB,SetCKIPaxDistributionAction
327696,375287615,2024-05-03 07:39:34,6075,3,BVB,SetCKIPaxDistributionAction
327699,375287777,2024-05-03 07:39:37,6075,3,BVB,SetActualBagWeightIndicatorAction
327700,375287780,2024-05-03 07:39:37,6075,3,BVB,SetActualBagWeightIndicatorAction
329186,375341031,2024-05-03 12:33:46,6075,3,BVB,SetCKIPaxDistributionAction
329187,375341034,2024-05-03 12:33:46,6075,3,BVB,SetCKIPaxDistributionAction
329215,375341156,2024-05-03 12:33:48,6075,3,BVB,SetActualBagWeightIndicatorAction
329216,375341159,2024-05-03 12:33:48,6075,3,BVB,SetActualBagWeightIndicatorAction
334303,375435618,2024-05-05 03:54:26,6075,5,BVB,SetCKIPaxDistributionAction
334304,375435621,2024-05-05 03:54:26,6075,5,BVB,SetCKIPaxDistributionAction
334309,375435741,2024-05-05 04:16:34,6075,5,BVB,SetActualBagWeightIndicatorAction
334310,375435744,2024-05-05 04:16:34,6075,5,BVB,SetActualBagWeightIndicatorAction
337705,375529622,2024-05-06 13:39:18,6075,6,BVB,SetCKIPaxDistributionAction
337706,375529625,2024-05-06 13:39:18,6075,6,BVB,SetCKIPaxDistributionAction
337740,375529844,2024-05-06 13:39:22,6075,6,BVB,SetActualBagWeightIndicatorAction
337741,375529847,2024-05-06 13:39:22,6075,6,BVB,SetActualBagWeightIndicatorAction
339531,375558101,2024-05-07 03:52:24,6075,7,BVB,SetCKIPaxDistributionAction
339532,375558104,2024-05-07 03:52:24,6075,7,BVB,SetCKIPaxDistributionAction
339583,375560906,2024-05-07 04:21:14,6075,7,BVB,SetActualBagWeightIndicatorAction
339584,375560969,2024-05-07 04:21:14,6075,7,BVB,SetActualBagWeightIndicatorAction
339961,375123086,2024-04-30 05:00:17,5027,30,SSA,StorePaxDataAction
339964,375123097,2024-04-30 04:40:14,5027,30,SSA,StorePaxDataAction
339965,375123102,2024-04-30 04:40:14,5027,30,SSA,StorePaxDataAction
339971,375123139,2024-04-30 04:42:48,5027,30,SSA,StorePaxDataAction
339972,375123144,2024-04-30 04:42:48,5027,30,SSA,StorePaxDataAction
340020,375123471,2024-04-30 05:00:17,5027,30,SSA,StorePaxDataAction
340024,375123590,2024-04-30 05:02:49,5027,30,SSA,StorePaxDataAction
340025,375123595,2024-04-30 05:02:49,5027,30,SSA,StorePaxDataAction
343678,375201907,2024-05-01 02:05:07,5027,1,SSA,StorePaxDataAction
343711,375202236,2024-05-01 02:00:11,5027,1,SSA,StorePaxDataAction
343712,375202245,2024-05-01 02:00:11,5027,1,SSA,StorePaxDataAction
343722,375202314,2024-05-01 02:10:09,5027,1,SSA,StorePaxDataAction
343723,375202319,2024-05-01 02:10:09,5027,1,SSA,StorePaxDataAction
343734,375202430,2024-05-01 02:04:10,5027,1,SSA,StorePaxDataAction
343735,375202435,2024-05-01 02:04:10,5027,1,SSA,StorePaxDataAction
343736,375202452,2024-05-01 02:05:07,5027,1,SSA,StorePaxDataAction
343824,375205084,2024-05-01 04:44:47,5027,1,SSA,StorePaxDataAction
343825,375205131,2024-05-01 04:40:09,5027,1,SSA,StorePaxDataAction
343826,375205136,2024-05-01 04:40:09,5027,1,SSA,StorePaxDataAction
343827,375205149,2024-05-01 04:44:47,5027,1,SSA,StorePaxDataAction
343829,375205218,2024-05-01 05:04:48,5027,1,SSA,StorePaxDataAction
343830,375205223,2024-05-01 05:04:48,5027,1,SSA,StorePaxDataAction
343848,375205395,2024-05-01 05:00:10,5027,1,SSA,StorePaxDataAction
343849,375205400,2024-05-01 05:00:10,5027,1,SSA,StorePaxDataAction
358480,375131660,2024-04-30 09:43:17,6075,1,BVB,UpdateCrewDataAction
360661,375169799,2024-05-01 00:33:37,119,30,NAT,StoreRegistrationAndConfigurationAc
360662,375169803,2024-05-01 00:33:37,119,30,NAT,UpdateCrewDataAction
360689,375169970,2024-05-01 00:33:37,119,30,NAT,StoreRegistrationAndConfigurationAc
360832,375170824,2024-05-01 00:33:49,6075,30,BVB,StoreRegistrationAndConfigurationAc
360840,375170868,2024-05-01 00:33:49,6075,30,BVB,UpdateCrewDataAction
360841,375170875,2024-05-01 00:33:49,6075,30,BVB,StoreRegistrationAndConfigurationAc
361270,375173473,2024-05-01 00:34:25,5027,30,SSA,StoreRegistrationAndConfigurationAc
361271,375173474,2024-05-01 00:34:25,5027,30,SSA,StoreRegistrationAndConfigurationAc
362209,375213942,2024-05-01 10:06:17,6075,2,BVB,UpdateCrewDataAction
363153,375229457,2024-05-01 13:05:59,6075,7,BVB,StoreRegistrationAndConfigurationAc
363154,375229458,2024-05-01 13:05:59,6075,7,BVB,UpdateCrewDataAction
363155,375229465,2024-05-01 13:05:59,6075,7,BVB,StoreRegistrationAndConfigurationAc
364697,375264854,2024-05-02 10:45:51,6075,3,BVB,UpdateCrewDataAction
367038,375312012,2024-05-03 12:15:38,5027,4,SSA,StoreRegistrationAndConfigurationAc
367039,375312013,2024-05-03 12:15:38,5027,4,SSA,StoreRegistrationAndConfigurationAc
368685,375333888,2024-05-03 12:28:58,6075,3,BVB,StoreRegistrationAndConfigurationAc
368686,375333892,2024-05-03 12:28:58,6075,3,BVB,UpdateCrewDataAction
368687,375333899,2024-05-03 12:28:58,6075,3,BVB,StoreRegistrationAndConfigurationAc
370115,375358605,2024-05-03 13:05:51,6075,9,BVB,StoreRegistrationAndConfigurationAc
370116,375358606,2024-05-03 13:05:51,6075,9,BVB,StoreRegistrationAndConfigurationAc
371772,375398040,2024-05-04 10:16:32,6075,5,BVB,UpdateCrewDataAction
372790,375412691,2024-05-04 13:05:57,6075,10,BVB,StoreRegistrationAndConfigurationAc
372791,375412692,2024-05-04 13:05:57,6075,10,BVB,UpdateCrewDataAction
372792,375412699,2024-05-04 13:05:57,6075,10,BVB,StoreRegistrationAndConfigurationAc
374391,375463865,2024-05-06 12:23:40,6075,7,BVB,UpdateCrewDataAction
381674,375506437,2024-05-06 13:34:12,6075,8,BVB,StoreRegistrationAndConfigurationAc
381675,375506438,2024-05-06 13:34:12,6075,8,BVB,UpdateCrewDataAction
381676,375506445,2024-05-06 13:34:12,6075,8,BVB,StoreRegistrationAndConfigurationAc
381838,375508289,2024-05-06 13:34:36,5027,13,SSA,StoreRegistrationAndConfigurationAc
381839,375508290,2024-05-06 13:34:36,5027,13,SSA,UpdateCrewDataAction
381840,375508297,2024-05-06 13:34:36,5027,13,SSA,StoreRegistrationAndConfigurationAc
382300,375511164,2024-05-06 13:35:14,6075,11,BVB,StoreRegistrationAndConfigurationAc
382301,375511165,2024-05-06 13:35:14,6075,11,BVB,UpdateCrewDataAction
382332,375511372,2024-05-06 13:35:14,6075,11,BVB,StoreRegistrationAndConfigurationAc
382640,375512990,2024-05-06 13:35:31,6075,6,BVB,StoreRegistrationAndConfigurationAc
382641,375512991,2024-05-06 13:35:31,6075,6,BVB,UpdateCrewDataAction
382642,375512998,2024-05-06 13:35:31,6075,6,BVB,StoreRegistrationAndConfigurationAc
383019,375514919,2024-05-06 13:35:54,6075,12,BVB,StoreRegistrationAndConfigurationAc
383020,375514920,2024-05-06 13:35:54,6075,12,BVB,UpdateCrewDataAction
383021,375514927,2024-05-06 13:35:54,6075,12,BVB,StoreRegistrationAndConfigurationAc
388972,375169801,2024-05-01 00:33:37,119,30,NAT,UpdateLoadTableAction
388990,375169969,2024-05-01 00:33:37,119,30,NAT,UpdateLoadTableAction
389080,375170826,2024-05-01 00:33:49,6075,30,BVB,UpdateLoadTableAction
389086,375170874,2024-05-01 00:33:49,6075,30,BVB,UpdateLoadTableAction
390151,375229460,2024-05-01 13:05:59,6075,7,BVB,TransferCargoAction
390152,375229463,2024-05-01 13:05:59,6075,7,BVB,TransferCargoAction
393341,375333890,2024-05-03 12:28:58,6075,3,BVB,UpdateLoadTableAction
393342,375333898,2024-05-03 12:28:58,6075,3,BVB,UpdateLoadTableAction
395660,375412694,2024-05-04 13:05:57,6075,10,BVB,TransferCargoAction
395661,375412697,2024-05-04 13:05:57,6075,10,BVB,TransferCargoAction
401275,375506440,2024-05-06 13:34:12,6075,8,BVB,TransferCargoAction
401276,375506443,2024-05-06 13:34:12,6075,8,BVB,TransferCargoAction
401374,375508292,2024-05-06 13:34:36,5027,13,SSA,TransferCargoAction
401375,375508295,2024-05-06 13:34:36,5027,13,SSA,TransferCargoAction
401683,375511167,2024-05-06 13:35:14,6075,11,BVB,TransferCargoAction
401704,375511370,2024-05-06 13:35:14,6075,11,BVB,TransferCargoAction
401889,375512993,2024-05-06 13:35:31,6075,6,BVB,TransferCargoAction
401890,375512996,2024-05-06 13:35:31,6075,6,BVB,TransferCargoAction
402086,375514922,2024-05-06 13:35:54,6075,12,BVB,TransferCargoAction
402087,375514925,2024-05-06 13:35:54,6075,12,BVB,TransferCargoAction
405575,375169797,2024-05-01 00:33:37,119,30,NAT,UpdateFlightAction
405592,375169972,2024-05-01 00:33:37,119,30,NAT,UpdateFlightAction
405684,375170822,2024-05-01 00:33:49,6075,30,BVB,UpdateFlightAction
405690,375170877,2024-05-01 00:33:49,6075,30,BVB,UpdateFlightAction
405986,375173471,2024-05-01 00:34:25,5027,30,SSA,UpdateFlightAction
405987,375173476,2024-05-01 00:34:25,5027,30,SSA,UpdateFlightAction
407555,375221957,2024-05-01 13:02:26,5027,7,SSA,UpdateFlightAction
407556,375221960,2024-05-01 13:02:26,5027,7,SSA,UpdateFlightAction
407978,375223241,2024-05-01 13:03:05,6075,7,BVB,UpdateFlightAction
407979,375223244,2024-05-01 13:03:05,6075,7,BVB,UpdateFlightAction
408449,375224700,2024-05-01 13:03:49,5027,7,SSA,UpdateFlightAction
408450,375224703,2024-05-01 13:03:49,5027,7,SSA,UpdateFlightAction
409176,375229455,2024-05-01 13:05:59,6075,7,BVB,UpdateFlightAction
409177,375229467,2024-05-01 13:05:59,6075,7,BVB,UpdateFlightAction
411803,375312010,2024-05-03 12:15:38,5027,4,SSA,UpdateFlightAction
411804,375312015,2024-05-03 12:15:38,5027,4,SSA,UpdateFlightAction
412957,375333826,2024-05-03 12:28:58,6075,3,BVB,UpdateFlightAction
412969,375333901,2024-05-03 12:28:58,6075,3,BVB,UpdateFlightAction
413907,375349977,2024-05-03 13:01:53,6075,9,BVB,UpdateFlightAction
413908,375349980,2024-05-03 13:01:53,6075,9,BVB,UpdateFlightAction
415778,375358603,2024-05-03 13:05:51,6075,9,BVB,UpdateFlightAction
415779,375358608,2024-05-03 13:05:51,6075,9,BVB,UpdateFlightAction
417121,375403365,2024-05-04 13:01:33,6075,10,BVB,UpdateFlightAction
417122,375403368,2024-05-04 13:01:33,6075,10,BVB,UpdateFlightAction
419257,375412689,2024-05-04 13:05:57,6075,10,BVB,UpdateFlightAction
419258,375412701,2024-05-04 13:05:57,6075,10,BVB,UpdateFlightAction
425296,375506435,2024-05-06 13:34:12,6075,8,BVB,UpdateFlightAction
425297,375506447,2024-05-06 13:34:12,6075,8,BVB,UpdateFlightAction
425351,375507527,2024-05-06 13:34:36,5027,13,SSA,UpdateFlightAction
425411,375508299,2024-05-06 13:34:36,5027,13,SSA,UpdateFlightAction
425723,375511162,2024-05-06 13:35:14,6075,11,BVB,UpdateFlightAction
425754,375511374,2024-05-06 13:35:14,6075,11,BVB,UpdateFlightAction
425981,375512988,2024-05-06 13:35:31,6075,6,BVB,UpdateFlightAction
425982,375513000,2024-05-06 13:35:31,6075,6,BVB,UpdateFlightAction
426289,375514917,2024-05-06 13:35:54,6075,12,BVB,UpdateFlightAction
426325,375515109,2024-05-06 13:35:54,6075,12,BVB,UpdateFlightAction
